ORDER_KEY,CUST_KEY,ORDER_STATUS,TOTAL_PRICE,ORDER_DATE,ORDER_PRIORITY,CLERK,SHIP_PRIORITY
5405477,898,F,77035.70,1992-05-09,3-MEDIUM,Clerk#000000256,0
5415909,226,F,81582.29,1993-12-23,1-URGENT,Clerk#000000393,0
5418919,22,O,149030.77,1996-10-25,2-HIGH,Clerk#000000770,0
5431328,233,O,207560.26,1996-10-29,1-URGENT,Clerk#000000556,0
5467846,677,F,76228.89,1993-01-12,2-HIGH,Clerk#000000487,0
5473315,1429,F,372701.19,1992-06-03,3-MEDIUM,Clerk#000000178,0
5487079,434,O,233551.94,1996-06-21,1-URGENT,Clerk#000000819,0
5488514,1651,F,102283.11,1993-05-28,3-MEDIUM,Clerk#000000408,0
5490304,2227,F,85690.56,1994-07-10,5-LOW,Clerk#000000567,0
5499207,1813,O,51855.49,1997-12-27,5-LOW,Clerk#000000347,0
5501698,1840,F,111315.19,1993-03-30,1-URGENT,Clerk#000000739,0
5507265,1688,O,302564.30,1995-07-30,2-HIGH,Clerk#000000820,0
5507429,268,O,142356.13,1997-07-09,2-HIGH,Clerk#000000873,0
5509062,385,F,105984.98,1993-03-04,3-MEDIUM,Clerk#000000231,0
5528035,1288,F,26041.96,1992-05-14,4-NOT SPECIFIED,Clerk#000000026,0
5529089,235,F,208708.39,1993-12-07,4-NOT SPECIFIED,Clerk#000000020,0
5538149,1717,O,107443.29,1997-10-28,2-HIGH,Clerk#000000312,0
5538695,883,F,267626.08,1994-11-06,2-HIGH,Clerk#000000909,0
5545860,1937,O,72090.02,1997-05-09,3-MEDIUM,Clerk#000000936,0
5549031,796,O,195702.38,1996-08-29,5-LOW,Clerk#000000468,0
5558023,1783,F,166668.05,1993-03-25,1-URGENT,Clerk#000000405,0
5567077,434,F,27937.46,1994-04-21,3-MEDIUM,Clerk#000000035,0
5573285,40,F,70121.20,1993-12-19,2-HIGH,Clerk#000000757,0
5577283,235,F,24310.81,1994-04-08,4-NOT SPECIFIED,Clerk#000000881,0
5585766,1307,O,238349.07,1995-10-23,4-NOT SPECIFIED,Clerk#000000832,0
5590690,22,F,116471.88,1992-06-11,5-LOW,Clerk#000000184,0
5592868,1873,F,92362.39,1994-11-26,4-NOT SPECIFIED,Clerk#000000050,0
5595969,2215,O,127703.13,1998-02-17,4-NOT SPECIFIED,Clerk#000000033,0
5597351,883,F,109969.14,1995-01-11,4-NOT SPECIFIED,Clerk#000000139,0
5597382,520,O,103907.50,1996-07-13,4-NOT SPECIFIED,Clerk#000000906,0
5619718,64,O,88959.10,1996-11-02,5-LOW,Clerk#000000541,0
5626401,1288,F,55862.48,1992-10-31,1-URGENT,Clerk#000000735,0
5627072,122,F,233311.06,1994-07-02,3-MEDIUM,Clerk#000000156,0
5631494,1783,O,87289.23,1996-12-22,2-HIGH,Clerk#000000204,0
5636805,757,F,28730.80,1995-01-03,3-MEDIUM,Clerk#000000156,0
5643684,242,F,117665.23,1992-11-12,4-NOT SPECIFIED,Clerk#000000510,0
5651201,905,O,172334.23,1996-10-24,1-URGENT,Clerk#000000481,0
5669220,1262,O,219029.79,1996-03-03,3-MEDIUM,Clerk#000000514,0
5670789,1288,O,282314.46,1996-12-25,3-MEDIUM,Clerk#000000469,0
5675360,1579,O,188423.84,1998-03-29,1-URGENT,Clerk#000000731,0
5675879,796,F,249130.07,1993-03-12,4-NOT SPECIFIED,Clerk#000000315,0
5676036,757,F,56077.19,1993-08-02,1-URGENT,Clerk#000000679,0
5677541,1840,O,207347.39,1998-01-02,4-NOT SPECIFIED,Clerk#000000594,0
5692003,40,F,25709.41,1995-01-06,1-URGENT,Clerk#000000447,0
5692995,677,O,189627.26,1998-01-15,5-LOW,Clerk#000000271,0
5693440,13,F,117319.16,1995-02-27,4-NOT SPECIFIED,Clerk#000000591,0
5697120,1396,O,214370.17,1997-11-08,2-HIGH,Clerk#000000933,0
5701092,1717,O,183234.40,1995-08-01,3-MEDIUM,Clerk#000000703,0
5710467,1153,O,168122.06,1996-04-24,4-NOT SPECIFIED,Clerk#000000189,0
5711648,883,F,181408.42,1993-07-03,3-MEDIUM,Clerk#000000945,0
5713058,1396,F,164846.62,1992-06-19,1-URGENT,Clerk#000000107,0
5714851,443,O,14217.58,1998-03-19,5-LOW,Clerk#000000463,0
5735141,430,F,7885.39,1992-06-23,3-MEDIUM,Clerk#000000614,0
5749952,23,F,178708.01,1994-08-14,4-NOT SPECIFIED,Clerk#000000252,0
5758208,1882,O,155702.54,1998-05-01,3-MEDIUM,Clerk#000000682,0
5759202,1312,O,253668.97,1997-12-12,4-NOT SPECIFIED,Clerk#000000293,0
5784355,1258,O,113223.56,1996-06-25,5-LOW,Clerk#000000197,0
5785089,1783,F,32948.00,1992-10-06,1-URGENT,Clerk#000000761,0
5789538,1207,O,176611.09,1998-06-02,3-MEDIUM,Clerk#000000739,0
5789926,22,O,276904.84,1996-05-27,3-MEDIUM,Clerk#000000976,0
5791524,988,F,206177.27,1992-05-15,1-URGENT,Clerk#000000694,0
5793253,22,O,183149.51,1996-06-06,5-LOW,Clerk#000000987,0
5798407,898,F,169790.49,1992-08-19,4-NOT SPECIFIED,Clerk#000000782,0
5808327,1153,F,146554.11,1993-07-03,3-MEDIUM,Clerk#000000521,0
5811492,2227,F,157688.48,1992-12-19,5-LOW,Clerk#000000207,0
5816036,1450,F,124377.46,1994-09-11,3-MEDIUM,Clerk#000000727,0
5819906,440,O,185882.06,1996-07-01,5-LOW,Clerk#000000152,0
5820896,2215,F,305307.65,1992-02-01,3-MEDIUM,Clerk#000000455,0
5831843,520,F,76571.04,1994-10-09,3-MEDIUM,Clerk#000000442,0
5845986,898,F,93242.98,1994-08-11,1-URGENT,Clerk#000000760,0
5856678,2164,O,254946.34,1996-08-09,4-NOT SPECIFIED,Clerk#000000107,0
5857539,796,F,191038.34,1992-07-07,3-MEDIUM,Clerk#000000138,0
5870114,898,O,121162.44,1995-08-28,4-NOT SPECIFIED,Clerk#000000946,0
5870822,898,O,181701.69,1997-10-28,3-MEDIUM,Clerk#000000033,0
5871202,235,F,49074.08,1992-06-14,4-NOT SPECIFIED,Clerk#000000182,0
5871490,883,P,218101.24,1995-04-02,1-URGENT,Clerk#000000560,0
5871908,1496,O,172489.82,1996-03-14,4-NOT SPECIFIED,Clerk#000000326,0
5876385,796,O,209054.93,1995-12-19,3-MEDIUM,Clerk#000000478,0
5880160,13,O,198773.69,1996-08-08,4-NOT SPECIFIED,Clerk#000000208,0
5884544,1717,O,180482.67,1998-04-22,2-HIGH,Clerk#000000888,0
5888641,1840,F,130419.23,1993-06-16,3-MEDIUM,Clerk#000000016,0
5916197,1358,O,314024.97,1997-09-03,4-NOT SPECIFIED,Clerk#000000129,0
5919456,146,F,144551.61,1994-08-30,2-HIGH,Clerk#000001000,0
5924802,1579,O,242476.99,1996-02-21,2-HIGH,Clerk#000000434,0
5926176,988,O,77118.15,1998-07-11,4-NOT SPECIFIED,Clerk#000000931,0
5935430,2189,O,100125.06,1996-10-19,2-HIGH,Clerk#000000135,0
5948640,1673,F,136420.18,1992-05-14,4-NOT SPECIFIED,Clerk#000000269,0
5959910,1396,F,147518.84,1994-11-15,1-URGENT,Clerk#000000859,0
5977188,343,F,118729.46,1993-07-30,5-LOW,Clerk#000000050,0
5983779,1801,O,103327.34,1997-10-13,4-NOT SPECIFIED,Clerk#000000920,0
5984289,1801,O,274800.31,1998-07-05,3-MEDIUM,Clerk#000000407,0
5985189,1450,O,260819.19,1997-08-28,2-HIGH,Clerk#000000962,0
5989541,385,F,31017.73,1992-03-28,1-URGENT,Clerk#000000705,0
1209093,233,F,166347.23,1994-12-21,3-MEDIUM,Clerk#000000951,0
1209094,520,O,110176.87,1995-08-27,4-NOT SPECIFIED,Clerk#000000219,0
1216421,1873,F,178333.24,1994-03-02,5-LOW,Clerk#000000804,0
1216773,40,O,231837.32,1995-08-21,1-URGENT,Clerk#000000446,0
1223681,1450,O,199120.27,1998-02-08,3-MEDIUM,Clerk#000000243,0
1233509,1801,F,244171.32,1994-10-12,5-LOW,Clerk#000000072,0
1236935,1207,F,151435.18,1994-08-11,2-HIGH,Clerk#000000561,0
1244005,796,F,80472.82,1994-02-06,1-URGENT,Clerk#000000609,0
1244230,1651,F,205945.18,1994-12-27,1-URGENT,Clerk#000000780,0
1257156,1358,P,175142.49,1995-05-22,4-NOT SPECIFIED,Clerk#000000128,0
1261793,2083,F,127821.18,1992-01-19,4-NOT SPECIFIED,Clerk#000000200,0
1269985,226,O,274163.61,1998-06-20,4-NOT SPECIFIED,Clerk#000000032,0
1272679,898,O,261375.29,1995-11-30,2-HIGH,Clerk#000000239,0
1273895,632,F,87383.36,1993-04-10,5-LOW,Clerk#000000751,0
1279906,385,O,63203.18,1995-12-06,2-HIGH,Clerk#000000362,0
1280481,1429,O,65168.33,1996-02-08,4-NOT SPECIFIED,Clerk#000000580,0
1280835,1429,F,141524.69,1994-05-15,5-LOW,Clerk#000000861,0
1285639,268,F,170463.37,1995-03-01,2-HIGH,Clerk#000000989,0
1290560,1943,O,57853.39,1996-09-20,4-NOT SPECIFIED,Clerk#000000463,0
1291847,2189,F,127802.33,1992-03-25,5-LOW,Clerk#000000351,0
1303940,430,O,125770.07,1995-08-12,2-HIGH,Clerk#000000493,0
1334917,1873,F,166151.21,1994-05-11,5-LOW,Clerk#000000976,0
1344196,875,O,294140.54,1995-11-06,4-NOT SPECIFIED,Clerk#000000583,0
1348771,2227,F,46494.84,1993-09-23,4-NOT SPECIFIED,Clerk#000000244,0
1376704,40,F,195069.22,1994-05-04,3-MEDIUM,Clerk#000000379,0
1377126,1688,F,48106.70,1995-02-23,3-MEDIUM,Clerk#000000378,0
1383809,1241,F,163606.84,1992-11-01,3-MEDIUM,Clerk#000000848,0
1388483,385,F,181698.19,1992-01-29,3-MEDIUM,Clerk#000000259,0
1391266,2083,F,151997.10,1994-11-03,2-HIGH,Clerk#000000900,0
1391328,1385,O,42131.45,1997-01-06,5-LOW,Clerk#000000271,0
1392321,1942,O,165872.40,1998-01-03,4-NOT SPECIFIED,Clerk#000000992,0
1400737,2227,F,232948.48,1994-11-14,2-HIGH,Clerk#000000012,0
1402563,2215,F,102478.04,1993-09-02,3-MEDIUM,Clerk#000000643,0
1407428,1312,O,30149.19,1995-12-14,1-URGENT,Clerk#000000980,0
1411072,1801,F,283837.45,1993-09-28,4-NOT SPECIFIED,Clerk#000000994,0
1411623,1241,F,219386.60,1992-07-22,3-MEDIUM,Clerk#000000239,0
1416610,1801,O,160415.40,1997-05-04,1-URGENT,Clerk#000000747,0
1423909,863,O,233379.81,1995-07-10,4-NOT SPECIFIED,Clerk#000000517,0
1465414,1673,F,105430.42,1993-02-10,4-NOT SPECIFIED,Clerk#000000824,0
1472997,1450,F,56948.35,1993-10-29,5-LOW,Clerk#000000964,0
1490148,235,F,62654.16,1994-12-08,3-MEDIUM,Clerk#000000730,0
1493351,1579,O,121381.51,1995-06-10,1-URGENT,Clerk#000000106,0
1505378,1783,F,187337.97,1992-05-29,1-URGENT,Clerk#000000190,0
1507011,343,F,53592.10,1994-09-28,2-HIGH,Clerk#000000069,0
1509314,883,O,83279.39,1996-05-31,1-URGENT,Clerk#000000799,0
1513473,242,F,230337.89,1993-08-13,5-LOW,Clerk#000000220,0
1513730,1394,F,34321.07,1993-05-09,3-MEDIUM,Clerk#000000039,0
1522243,1688,F,197408.69,1993-03-12,3-MEDIUM,Clerk#000000760,0
1524966,1429,F,64896.67,1993-01-02,2-HIGH,Clerk#000000839,0
1529857,1496,F,188309.84,1992-05-23,3-MEDIUM,Clerk#000000882,0
1530690,883,F,37965.88,1992-02-26,3-MEDIUM,Clerk#000000056,0
1531970,226,O,112523.77,1998-04-17,4-NOT SPECIFIED,Clerk#000000159,0
1532452,1801,O,41167.33,1997-02-13,3-MEDIUM,Clerk#000000528,0
1532929,1429,O,4186.00,1996-12-23,2-HIGH,Clerk#000000231,0
1542657,1579,F,202750.85,1992-11-24,5-LOW,Clerk#000000618,0
1551232,1429,O,198385.49,1998-04-06,5-LOW,Clerk#000000302,0
1552485,1499,O,119606.48,1998-07-25,1-URGENT,Clerk#000000345,0
1561318,1595,O,34250.93,1995-10-07,5-LOW,Clerk#000000797,0
1563621,2159,F,248093.90,1993-01-21,1-URGENT,Clerk#000000781,0
1566278,1241,F,85076.78,1994-02-20,4-NOT SPECIFIED,Clerk#000000290,0
1567015,434,F,209257.12,1995-02-08,5-LOW,Clerk#000000613,0
1567169,440,F,286637.62,1994-01-11,2-HIGH,Clerk#000000802,0
1568838,1153,F,162743.15,1992-04-27,5-LOW,Clerk#000000664,0
1571143,757,F,192348.15,1994-06-06,4-NOT SPECIFIED,Clerk#000000861,0
1574373,2215,F,55250.74,1993-09-03,2-HIGH,Clerk#000000881,0
1579779,385,O,53723.50,1996-11-11,5-LOW,Clerk#000000291,0
1586371,443,O,170637.29,1995-11-18,2-HIGH,Clerk#000000648,0
1587684,1673,O,290138.96,1998-04-12,3-MEDIUM,Clerk#000000733,0
1589927,1394,F,275477.42,1992-01-28,2-HIGH,Clerk#000000637,0
1596866,1207,F,251216.18,1994-12-21,3-MEDIUM,Clerk#000000250,0
1603014,1396,O,11982.04,1995-10-01,3-MEDIUM,Clerk#000000610,0
1603427,1717,O,62431.74,1997-05-13,5-LOW,Clerk#000000721,0
1603585,13,O,246076.45,1997-03-26,3-MEDIUM,Clerk#000000848,0
1611878,1717,F,107064.84,1993-08-25,3-MEDIUM,Clerk#000000236,0
1621861,1396,O,60539.01,1995-05-13,3-MEDIUM,Clerk#000000130,0
1623685,385,O,144460.70,1997-05-09,4-NOT SPECIFIED,Clerk#000000342,0
1631781,1153,F,156940.53,1995-01-31,2-HIGH,Clerk#000000655,0
1632036,1241,O,240881.73,1996-06-21,1-URGENT,Clerk#000000188,0
1637797,1942,F,186933.12,1995-01-09,3-MEDIUM,Clerk#000000900,0
1642086,1207,O,66416.00,1995-05-08,3-MEDIUM,Clerk#000000476,0
1649380,1579,O,395624.22,1995-07-05,5-LOW,Clerk#000000722,0
1649953,343,O,153189.90,1996-01-01,1-URGENT,Clerk#000000503,0
1651463,40,F,47219.96,1993-06-17,5-LOW,Clerk#000000821,0
1663236,1688,O,181665.52,1997-07-26,2-HIGH,Clerk#000000511,0
1672417,1840,F,134271.59,1993-04-06,5-LOW,Clerk#000000009,0
1684100,1394,F,166798.28,1993-10-10,5-LOW,Clerk#000000007,0
1687075,796,F,18307.48,1994-06-27,2-HIGH,Clerk#000000778,0
1693221,1840,O,246257.78,1996-06-29,1-URGENT,Clerk#000000030,0
1693863,1688,O,236516.24,1996-08-08,1-URGENT,Clerk#000000973,0
1709248,1651,O,170389.34,1995-07-20,4-NOT SPECIFIED,Clerk#000000987,0
1710818,122,O,121276.84,1998-05-02,1-URGENT,Clerk#000000557,0
1711363,757,F,93001.25,1992-03-17,1-URGENT,Clerk#000000980,0
1712195,796,O,191515.87,1996-03-22,5-LOW,Clerk#000000983,0
1717766,2083,O,176460.02,1995-12-20,3-MEDIUM,Clerk#000000606,0
1718016,13,F,152605.93,1994-08-30,5-LOW,Clerk#000000900,0
1726502,677,F,62514.07,1993-12-15,4-NOT SPECIFIED,Clerk#000000355,0
1729031,2215,O,291267.80,1996-08-20,5-LOW,Clerk#000000336,0
1729441,1882,F,108923.31,1994-11-02,3-MEDIUM,Clerk#000000251,0
1730242,122,P,157724.63,1995-04-18,4-NOT SPECIFIED,Clerk#000000442,0
1735649,1216,P,251769.47,1995-04-02,5-LOW,Clerk#000000676,0
1737250,23,F,220254.25,1994-10-08,5-LOW,Clerk#000000736,0
1742176,1873,O,139957.93,1997-05-10,1-URGENT,Clerk#000000450,0
1742215,1258,F,247602.11,1993-07-19,5-LOW,Clerk#000000138,0
1746081,1262,O,116943.47,1996-12-08,4-NOT SPECIFIED,Clerk#000000257,0
1762691,883,O,393038.33,1995-10-06,2-HIGH,Clerk#000000468,0
1767522,757,F,46971.33,1993-01-19,4-NOT SPECIFIED,Clerk#000000915,0
1780006,1813,O,229849.56,1997-12-20,2-HIGH,Clerk#000000865,0
1781602,905,F,99447.99,1994-11-14,4-NOT SPECIFIED,Clerk#000000338,0
1783236,883,F,57962.60,1992-02-14,4-NOT SPECIFIED,Clerk#000000487,0
1788675,343,O,125078.82,1995-05-14,3-MEDIUM,Clerk#000000737,0
1792608,1651,F,71695.15,1992-09-17,2-HIGH,Clerk#000000959,0
4801411,1496,O,244068.20,1997-08-16,5-LOW,Clerk#000000903,0
4831552,898,O,22790.04,1995-07-01,4-NOT SPECIFIED,Clerk#000000958,0
4838211,1717,O,285717.22,1997-01-15,1-URGENT,Clerk#000000784,0
4839109,1873,O,132076.07,1997-03-23,5-LOW,Clerk#000000290,0
4848320,2083,O,166936.58,1996-07-24,2-HIGH,Clerk#000000411,0
4853317,1595,O,140179.67,1996-09-08,1-URGENT,Clerk#000000527,0
4854432,1288,F,194360.60,1994-11-20,3-MEDIUM,Clerk#000000887,0
4858599,1717,O,33735.72,1998-01-20,5-LOW,Clerk#000000538,0
4861317,1216,O,45020.01,1997-06-12,2-HIGH,Clerk#000000389,0
4866019,268,O,190335.79,1996-12-11,5-LOW,Clerk#000000558,0
4878562,520,F,233243.90,1992-11-21,3-MEDIUM,Clerk#000000228,0
4883810,226,F,40753.89,1992-03-12,2-HIGH,Clerk#000000310,0
4888039,64,F,340617.19,1993-01-15,2-HIGH,Clerk#000000975,0
4888454,1595,F,161026.09,1994-09-10,5-LOW,Clerk#000000765,0
4895392,1579,F,156950.43,1995-01-29,4-NOT SPECIFIED,Clerk#000000114,0
4897954,1651,F,9182.09,1993-04-09,2-HIGH,Clerk#000000460,0
4904390,1153,F,218940.19,1994-11-22,3-MEDIUM,Clerk#000000749,0
4906114,430,F,56592.32,1994-08-30,4-NOT SPECIFIED,Clerk#000000568,0
4906306,883,O,159731.60,1997-09-22,4-NOT SPECIFIED,Clerk#000000798,0
4917250,22,F,27723.76,1993-09-07,3-MEDIUM,Clerk#000000028,0
4924128,898,O,160099.81,1998-03-22,3-MEDIUM,Clerk#000000657,0
4928806,1216,F,215491.66,1992-03-18,5-LOW,Clerk#000000378,0
4932935,22,F,174378.24,1995-01-01,2-HIGH,Clerk#000000935,0
4935974,1450,F,1341.36,1995-03-26,3-MEDIUM,Clerk#000000674,0
4936867,1783,P,104175.41,1995-04-20,4-NOT SPECIFIED,Clerk#000000241,0
4941025,1688,O,175245.28,1995-11-24,3-MEDIUM,Clerk#000000922,0
4941863,385,F,209861.56,1994-05-16,3-MEDIUM,Clerk#000000268,0
4942119,40,F,142224.11,1992-10-21,2-HIGH,Clerk#000000656,0
4945094,1499,F,268662.41,1994-04-21,3-MEDIUM,Clerk#000000254,0
4946469,1717,O,81324.02,1995-09-18,5-LOW,Clerk#000000165,0
4949895,796,O,95891.63,1996-11-18,2-HIGH,Clerk#000001000,0
4949991,385,F,114573.23,1992-02-05,2-HIGH,Clerk#000000144,0
4952007,1385,F,115348.97,1992-11-16,1-URGENT,Clerk#000000416,0
4952870,146,O,235135.43,1997-12-13,4-NOT SPECIFIED,Clerk#000000546,0
4953058,1358,O,208362.97,1995-09-14,2-HIGH,Clerk#000000406,0
4956131,233,O,231755.45,1995-11-20,3-MEDIUM,Clerk#000000372,0
4958243,434,O,282123.36,1997-05-29,5-LOW,Clerk#000000665,0
4962023,1937,F,75475.76,1993-05-22,4-NOT SPECIFIED,Clerk#000000339,0
4981478,1651,F,194210.94,1993-10-23,2-HIGH,Clerk#000000296,0
4989729,1153,O,81480.68,1998-06-23,3-MEDIUM,Clerk#000000250,0
5011367,796,F,227940.08,1994-11-12,3-MEDIUM,Clerk#000000518,0
5024611,443,O,80562.69,1996-02-12,1-URGENT,Clerk#000000781,0
5031521,343,O,158739.63,1996-05-08,4-NOT SPECIFIED,Clerk#000000617,0
5039489,1429,F,97222.55,1993-01-25,2-HIGH,Clerk#000000988,0
5045891,1801,F,91489.51,1995-02-20,5-LOW,Clerk#000000394,0
5051588,233,O,58820.83,1997-01-30,2-HIGH,Clerk#000000043,0
5052166,1312,O,74696.20,1996-08-07,4-NOT SPECIFIED,Clerk#000000541,0
5054885,1937,O,198089.49,1996-02-08,5-LOW,Clerk#000000563,0
5065285,235,P,227289.56,1995-04-30,5-LOW,Clerk#000000668,0
5069696,1595,O,31103.18,1997-01-19,1-URGENT,Clerk#000000454,0
5078151,1396,O,4215.79,1996-02-15,2-HIGH,Clerk#000000818,0
5088261,757,O,183321.54,1995-09-07,5-LOW,Clerk#000000609,0
5094177,2227,O,133706.38,1996-11-21,1-URGENT,Clerk#000000649,0
5096449,146,O,14065.02,1996-02-21,4-NOT SPECIFIED,Clerk#000000865,0
5100898,182,F,70896.59,1992-02-07,2-HIGH,Clerk#000000622,0
5114085,1496,O,195130.31,1996-12-12,3-MEDIUM,Clerk#000000715,0
5124323,677,F,237127.83,1992-12-04,4-NOT SPECIFIED,Clerk#000000551,0
5124423,898,F,133275.61,1992-04-01,1-URGENT,Clerk#000000621,0
5138625,2159,P,270494.05,1995-04-19,4-NOT SPECIFIED,Clerk#000000886,0
5140353,1288,F,93434.01,1994-02-17,1-URGENT,Clerk#000000408,0
5142854,1717,F,147648.71,1995-02-06,2-HIGH,Clerk#000000210,0
5148577,1651,F,214092.46,1993-10-13,3-MEDIUM,Clerk#000000019,0
5148864,385,F,56654.90,1993-02-01,5-LOW,Clerk#000000096,0
5161120,1241,O,283233.81,1997-10-08,2-HIGH,Clerk#000000127,0
5165345,1688,F,34703.25,1994-06-20,3-MEDIUM,Clerk#000000604,0
5168194,1499,O,99745.89,1998-05-17,4-NOT SPECIFIED,Clerk#000000008,0
5169793,233,F,305402.24,1992-05-06,3-MEDIUM,Clerk#000000062,0
5175840,1651,P,265839.16,1995-04-17,2-HIGH,Clerk#000000731,0
5176609,385,F,277497.60,1994-12-19,1-URGENT,Clerk#000000559,0
5185892,385,F,285253.81,1993-08-18,4-NOT SPECIFIED,Clerk#000000382,0
5192641,898,O,56970.30,1998-05-10,5-LOW,Clerk#000000394,0
5199492,1579,P,103136.75,1995-05-09,1-URGENT,Clerk#000000651,0
5206661,64,F,152568.21,1992-06-19,2-HIGH,Clerk#000000653,0
5207685,22,F,182572.12,1994-05-28,2-HIGH,Clerk#000000763,0
5221568,1813,F,124270.54,1994-08-01,5-LOW,Clerk#000000334,0
5221889,2159,F,66746.43,1992-08-12,4-NOT SPECIFIED,Clerk#000000874,0
5235395,1216,F,201930.53,1992-12-01,1-URGENT,Clerk#000000347,0
5236515,1873,F,288389.28,1992-03-07,1-URGENT,Clerk#000000369,0
5237730,40,F,196543.45,1994-08-20,2-HIGH,Clerk#000000121,0
5246498,235,F,115372.59,1993-05-27,1-URGENT,Clerk#000000493,0
5247648,883,F,120726.18,1994-06-16,4-NOT SPECIFIED,Clerk#000000357,0
5249409,1207,O,192749.70,1998-06-09,5-LOW,Clerk#000000321,0
5263012,898,F,147628.51,1992-02-02,1-URGENT,Clerk#000000011,0
5263715,632,O,148004.14,1997-12-19,3-MEDIUM,Clerk#000000339,0
5270116,1783,O,32778.96,1997-12-30,5-LOW,Clerk#000000800,0
5270818,1429,O,180194.95,1995-07-12,2-HIGH,Clerk#000000973,0
5275681,1688,F,312835.27,1992-03-25,4-NOT SPECIFIED,Clerk#000000388,0
5287012,22,O,74162.29,1997-08-11,3-MEDIUM,Clerk#000000093,0
5290979,1937,O,25341.48,1997-11-25,4-NOT SPECIFIED,Clerk#000000945,0
5298338,1262,F,305891.71,1993-11-20,1-URGENT,Clerk#000000732,0
5302148,1717,O,230763.83,1997-06-14,4-NOT SPECIFIED,Clerk#000000910,0
5303939,233,O,196051.44,1997-12-08,5-LOW,Clerk#000000506,0
5309255,1873,F,39477.84,1994-03-29,3-MEDIUM,Clerk#000000410,0
5314242,1262,O,43089.94,1997-07-21,4-NOT SPECIFIED,Clerk#000000753,0
5324837,2215,O,236255.69,1998-05-27,5-LOW,Clerk#000000303,0
5327238,2164,O,123222.83,1997-12-19,1-URGENT,Clerk#000000324,0
5328995,440,O,249074.56,1995-11-23,4-NOT SPECIFIED,Clerk#000000883,0
5339586,898,O,96137.85,1995-06-30,1-URGENT,Clerk#000000023,0
5340453,1358,O,162524.64,1996-01-03,2-HIGH,Clerk#000000458,0
5342433,1288,F,233511.21,1992-02-21,1-URGENT,Clerk#000000929,0
5347463,1579,O,1876.41,1995-10-17,5-LOW,Clerk#000000338,0
5349632,1942,O,298327.35,1996-09-20,3-MEDIUM,Clerk#000000197,0
5352131,1450,F,3428.11,1992-08-08,3-MEDIUM,Clerk#000000685,0
5352423,520,O,118066.67,1996-09-10,4-NOT SPECIFIED,Clerk#000000168,0
5353477,1813,F,105290.61,1992-04-01,4-NOT SPECIFIED,Clerk#000000839,0
5355268,1688,O,130099.92,1997-02-26,5-LOW,Clerk#000000440,0
5357511,1688,O,28990.62,1997-09-11,5-LOW,Clerk#000000139,0
5361892,757,F,98605.59,1994-11-23,1-URGENT,Clerk#000000844,0
5366593,13,F,57760.60,1993-06-13,3-MEDIUM,Clerk#000000398,0
5372579,883,O,165627.52,1997-02-12,5-LOW,Clerk#000000961,0
5372992,64,F,85547.71,1994-11-13,4-NOT SPECIFIED,Clerk#000000084,0
5380101,757,O,85009.44,1996-09-15,1-URGENT,Clerk#000000176,0
5385031,1307,F,74068.65,1994-12-19,3-MEDIUM,Clerk#000000778,0
5389255,2215,O,107331.36,1997-01-19,2-HIGH,Clerk#000000965,0
3601670,1688,O,136721.80,1996-02-02,4-NOT SPECIFIED,Clerk#000000645,0
3612646,1262,F,126139.30,1993-06-16,4-NOT SPECIFIED,Clerk#000000722,0
3614469,898,O,231066.69,1995-11-03,4-NOT SPECIFIED,Clerk#000000597,0
3620513,1688,F,121671.02,1992-02-17,1-URGENT,Clerk#000000203,0
3623072,434,O,161895.13,1996-02-05,4-NOT SPECIFIED,Clerk#000000179,0
3623907,1312,O,251471.66,1998-07-25,4-NOT SPECIFIED,Clerk#000000670,0
3625061,905,O,246976.34,1997-11-14,2-HIGH,Clerk#000000728,0
3628518,22,O,199040.29,1995-11-07,4-NOT SPECIFIED,Clerk#000000546,0
3631968,22,F,252765.40,1994-01-16,5-LOW,Clerk#000000369,0
3632512,1429,O,89311.09,1996-08-10,4-NOT SPECIFIED,Clerk#000000966,0
3638050,1385,F,97097.51,1994-01-03,1-URGENT,Clerk#000000571,0
3645319,1216,F,141908.66,1993-10-14,2-HIGH,Clerk#000000440,0
3645799,122,O,139799.63,1995-07-30,5-LOW,Clerk#000000857,0
3654692,2164,O,247712.32,1998-03-20,5-LOW,Clerk#000000390,0
3655746,1673,O,214845.99,1996-11-03,1-URGENT,Clerk#000000857,0
3662213,1258,O,156224.09,1996-10-16,5-LOW,Clerk#000000889,0
3666240,1579,O,157400.93,1997-04-25,2-HIGH,Clerk#000000680,0
3671879,23,O,192869.53,1997-05-05,3-MEDIUM,Clerk#000000188,0
3689478,2159,F,37130.06,1994-05-15,5-LOW,Clerk#000000946,0
3696644,1288,O,143792.97,1996-02-09,1-URGENT,Clerk#000000717,0
3707616,520,F,250820.56,1992-01-09,4-NOT SPECIFIED,Clerk#000000703,0
3713286,268,O,67419.81,1997-02-09,3-MEDIUM,Clerk#000000618,0
3714786,385,O,181439.79,1996-12-28,1-URGENT,Clerk#000000351,0
3719905,1312,O,274768.10,1996-10-03,4-NOT SPECIFIED,Clerk#000000226,0
3725442,1579,O,218340.59,1996-11-28,2-HIGH,Clerk#000000414,0
3727234,40,O,156289.75,1997-02-16,3-MEDIUM,Clerk#000000245,0
3734081,343,F,153099.90,1994-03-20,1-URGENT,Clerk#000000614,0
3739616,2164,O,135600.91,1996-03-07,4-NOT SPECIFIED,Clerk#000000903,0
3742851,2189,F,204418.91,1993-06-30,5-LOW,Clerk#000000555,0
3747716,1450,F,96035.39,1992-07-18,5-LOW,Clerk#000000691,0
3748742,1673,O,249949.03,1998-07-22,3-MEDIUM,Clerk#000000856,0
3755014,1385,O,200539.03,1996-07-30,5-LOW,Clerk#000000437,0
3756869,1783,O,202047.14,1998-05-09,5-LOW,Clerk#000000985,0
3757732,2159,O,170138.63,1997-03-21,1-URGENT,Clerk#000000741,0
3765443,40,O,223132.77,1995-06-21,2-HIGH,Clerk#000000231,0
3775397,2189,O,261058.39,1996-02-16,3-MEDIUM,Clerk#000000516,0
3778944,1153,O,189900.11,1995-05-20,3-MEDIUM,Clerk#000000718,0
3787937,1216,O,288566.34,1995-09-13,3-MEDIUM,Clerk#000000737,0
3792129,1207,F,157274.23,1994-11-09,3-MEDIUM,Clerk#000000004,0
3792484,1882,O,138384.65,1997-05-03,3-MEDIUM,Clerk#000000850,0
3793057,1673,F,278376.72,1993-12-14,3-MEDIUM,Clerk#000000558,0
3797024,1840,O,29462.75,1996-11-25,4-NOT SPECIFIED,Clerk#000000267,0
3799717,1385,O,70191.88,1996-11-21,3-MEDIUM,Clerk#000000312,0
3802369,796,F,41624.89,1992-11-15,2-HIGH,Clerk#000000910,0
3803232,1937,F,163550.37,1992-07-06,4-NOT SPECIFIED,Clerk#000000367,0
3804356,1873,F,251602.84,1994-11-13,4-NOT SPECIFIED,Clerk#000000352,0
3821670,905,O,285003.28,1997-06-25,3-MEDIUM,Clerk#000000028,0
3821765,1873,F,85264.73,1993-05-10,2-HIGH,Clerk#000000917,0
3823265,1358,F,353660.11,1994-11-08,2-HIGH,Clerk#000000015,0
3827172,1385,F,46309.53,1992-10-17,1-URGENT,Clerk#000000601,0
3828640,1873,O,258230.64,1995-09-26,3-MEDIUM,Clerk#000000143,0
3831462,1813,F,320144.36,1992-05-26,4-NOT SPECIFIED,Clerk#000000572,0
3832807,1813,F,21965.41,1993-04-06,1-URGENT,Clerk#000000813,0
3840420,40,O,125352.13,1996-01-07,3-MEDIUM,Clerk#000000626,0
3850023,1262,P,256962.79,1995-05-08,3-MEDIUM,Clerk#000000299,0
3851045,1153,F,7437.15,1994-04-29,4-NOT SPECIFIED,Clerk#000000387,0
3862756,796,O,51051.54,1995-11-07,2-HIGH,Clerk#000000829,0
3871139,1840,F,303983.55,1994-07-11,1-URGENT,Clerk#000000627,0
3875555,488,F,47052.89,1993-04-03,3-MEDIUM,Clerk#000000903,0
3883589,1801,O,70177.65,1995-05-22,2-HIGH,Clerk#000000258,0
3885028,1783,P,250493.56,1995-04-01,3-MEDIUM,Clerk#000000355,0
3887237,2189,F,96440.92,1994-09-11,2-HIGH,Clerk#000000794,0
3887782,1394,F,262259.68,1994-03-18,1-URGENT,Clerk#000000906,0
3888901,757,F,230632.31,1993-03-16,3-MEDIUM,Clerk#000000619,0
3889543,440,F,293515.05,1992-02-23,3-MEDIUM,Clerk#000000965,0
3912258,2255,O,161892.18,1995-10-31,3-MEDIUM,Clerk#000000406,0
3920384,2083,O,76354.25,1997-04-05,5-LOW,Clerk#000000418,0
3920804,1813,F,99764.10,1994-04-17,1-URGENT,Clerk#000000233,0
3925506,520,O,159581.22,1996-08-09,2-HIGH,Clerk#000000548,0
3928614,226,F,151284.27,1993-02-28,1-URGENT,Clerk#000000222,0
3931041,1813,F,260087.39,1994-03-31,1-URGENT,Clerk#000000253,0
3934949,40,F,159057.92,1994-12-01,3-MEDIUM,Clerk#000000765,0
3940736,443,F,49087.30,1993-03-06,3-MEDIUM,Clerk#000000751,0
3953216,1813,O,256522.50,1996-11-11,1-URGENT,Clerk#000000750,0
3953217,242,O,150455.70,1998-07-30,2-HIGH,Clerk#000000107,0
3954532,1207,F,99466.47,1994-05-21,3-MEDIUM,Clerk#000000572,0
3955714,1840,F,26199.95,1992-06-09,2-HIGH,Clerk#000000089,0
3956450,235,O,318442.92,1995-11-18,3-MEDIUM,Clerk#000000098,0
3957542,2189,O,275798.26,1995-08-15,1-URGENT,Clerk#000000194,0
3958885,2159,O,56440.94,1997-10-08,5-LOW,Clerk#000000070,0
3966081,1651,O,146652.59,1997-01-22,4-NOT SPECIFIED,Clerk#000000716,0
3967109,1207,O,261677.30,1996-09-26,3-MEDIUM,Clerk#000000952,0
3983621,863,F,122390.44,1993-02-01,5-LOW,Clerk#000000837,0
3985734,146,F,42454.88,1992-02-23,5-LOW,Clerk#000000688,0
3986594,1312,F,130048.76,1992-03-17,2-HIGH,Clerk#000000519,0
4000257,1826,O,69965.03,1998-03-28,4-NOT SPECIFIED,Clerk#000000451,0
4003207,2189,F,107377.01,1992-03-23,2-HIGH,Clerk#000000628,0
4004068,1882,F,16675.14,1993-04-09,1-URGENT,Clerk#000000545,0
4004581,443,O,116563.50,1997-06-12,3-MEDIUM,Clerk#000000317,0
4009893,235,O,200273.30,1997-06-02,4-NOT SPECIFIED,Clerk#000000710,0
4010438,1216,F,41195.95,1994-09-25,5-LOW,Clerk#000000128,0
4044353,343,O,217037.33,1997-10-18,5-LOW,Clerk#000000849,0
4050183,434,F,284887.02,1994-11-27,1-URGENT,Clerk#000000718,0
4054278,242,O,365039.58,1995-09-10,2-HIGH,Clerk#000000046,0
4060897,2159,O,65995.64,1996-01-26,3-MEDIUM,Clerk#000000701,0
4070947,2215,O,256401.70,1996-08-14,3-MEDIUM,Clerk#000000386,0
4074084,268,O,102440.65,1996-04-15,1-URGENT,Clerk#000000238,0
4074372,1258,O,55346.86,1997-07-22,5-LOW,Clerk#000000229,0
4074501,1579,O,117152.22,1997-02-06,4-NOT SPECIFIED,Clerk#000000137,0
4078499,1450,F,283136.19,1994-12-29,3-MEDIUM,Clerk#000000789,0
4083845,1942,O,71115.15,1996-05-27,2-HIGH,Clerk#000000084,0
4087425,1207,F,169230.99,1993-12-28,5-LOW,Clerk#000000882,0
4092068,1651,O,364909.46,1995-08-26,4-NOT SPECIFIED,Clerk#000000337,0
4092994,1307,O,71846.10,1995-12-19,3-MEDIUM,Clerk#000000902,0
4093697,1801,O,12466.72,1997-04-29,4-NOT SPECIFIED,Clerk#000000283,0
4098566,1216,F,165266.07,1994-06-24,3-MEDIUM,Clerk#000000164,0
4101409,1216,F,136804.71,1994-10-07,5-LOW,Clerk#000000348,0
4102405,1673,F,71704.79,1993-06-24,5-LOW,Clerk#000000154,0
4103396,2164,O,13148.36,1996-04-09,3-MEDIUM,Clerk#000000595,0
4109574,898,O,21531.93,1996-04-26,1-URGENT,Clerk#000000339,0
4111174,242,O,167280.23,1995-09-02,2-HIGH,Clerk#000000106,0
4117283,1873,O,347889.16,1996-05-31,1-URGENT,Clerk#000000100,0
4120452,1312,F,135056.03,1994-01-14,1-URGENT,Clerk#000000196,0
4122918,1241,O,29545.44,1996-07-27,1-URGENT,Clerk#000000650,0
4129186,13,O,6347.54,1996-05-05,4-NOT SPECIFIED,Clerk#000000769,0
4129798,226,F,52776.68,1994-03-09,3-MEDIUM,Clerk#000000167,0
4134626,796,O,87986.32,1997-08-29,4-NOT SPECIFIED,Clerk#000000675,0
4135687,434,F,4046.92,1992-07-28,2-HIGH,Clerk#000000251,0
4138212,233,F,76188.78,1994-09-01,1-URGENT,Clerk#000000982,0
4139523,796,O,240470.49,1996-12-29,1-URGENT,Clerk#000000229,0
4139814,1312,F,144081.31,1995-02-15,2-HIGH,Clerk#000000042,0
4141476,122,O,231351.00,1996-07-10,3-MEDIUM,Clerk#000000793,0
4144037,23,O,168934.67,1998-04-25,3-MEDIUM,Clerk#000000870,0
4148227,22,O,378250.37,1995-07-12,2-HIGH,Clerk#000000875,0
4149281,1216,O,191158.38,1998-07-07,1-URGENT,Clerk#000000129,0
4159143,226,O,208658.43,1997-03-04,1-URGENT,Clerk#000000065,0
4161729,1873,O,31638.44,1997-12-28,2-HIGH,Clerk#000000299,0
4162087,1651,O,61438.14,1995-04-26,1-URGENT,Clerk#000000871,0
4163621,796,F,167744.33,1994-05-17,5-LOW,Clerk#000000467,0
4172707,2227,O,34406.55,1996-08-25,5-LOW,Clerk#000000307,0
4184965,2164,O,193057.03,1998-04-03,2-HIGH,Clerk#000000508,0
4185316,796,F,58256.99,1994-02-27,4-NOT SPECIFIED,Clerk#000000815,0
4189826,1579,O,246847.35,1998-04-12,4-NOT SPECIFIED,Clerk#000000271,0
4198339,1651,F,110529.17,1993-10-14,4-NOT SPECIFIED,Clerk#000000386,0
3001281,757,O,248714.55,1995-12-29,5-LOW,Clerk#000000164,0
3001479,1307,F,151164.97,1993-04-28,5-LOW,Clerk#000000532,0
3003237,1688,F,259596.90,1992-10-09,3-MEDIUM,Clerk#000000324,0
3006467,1307,F,185461.43,1993-04-08,4-NOT SPECIFIED,Clerk#000000646,0
3008161,2227,F,51109.35,1992-09-16,4-NOT SPECIFIED,Clerk#000000584,0
3012964,23,F,134155.09,1993-06-22,4-NOT SPECIFIED,Clerk#000000201,0
3017056,40,F,7438.41,1994-01-08,2-HIGH,Clerk#000000477,0
3017410,343,O,327094.87,1997-04-10,4-NOT SPECIFIED,Clerk#000000779,0
3021985,1882,O,81482.00,1995-07-31,3-MEDIUM,Clerk#000000403,0
3022821,1385,F,280667.39,1994-09-08,5-LOW,Clerk#000000831,0
3025031,1450,O,110162.00,1997-10-08,2-HIGH,Clerk#000000457,0
3025316,1216,O,237348.65,1995-08-27,5-LOW,Clerk#000000190,0
3029700,1717,F,72089.90,1993-04-23,2-HIGH,Clerk#000000468,0
3036261,632,F,11565.92,1993-11-29,5-LOW,Clerk#000000801,0
3036614,22,F,203748.46,1992-12-07,1-URGENT,Clerk#000000804,0
3041188,883,F,318616.41,1992-02-22,1-URGENT,Clerk#000000344,0
3045153,233,O,63101.20,1996-01-25,2-HIGH,Clerk#000000620,0
3048421,1358,F,49478.68,1994-11-02,3-MEDIUM,Clerk#000000633,0
3063650,233,F,98436.23,1992-06-01,5-LOW,Clerk#000000650,0
3064550,2227,O,38138.47,1998-03-29,2-HIGH,Clerk#000000667,0
3069987,1673,O,157635.62,1996-05-27,1-URGENT,Clerk#000000371,0
3081158,677,O,287424.92,1997-11-23,4-NOT SPECIFIED,Clerk#000000427,0
3085572,2159,O,281285.52,1996-12-19,1-URGENT,Clerk#000000658,0
3095302,1673,F,91295.58,1994-02-14,5-LOW,Clerk#000000744,0
3120641,443,O,108267.52,1995-12-19,1-URGENT,Clerk#000000699,0
3127172,1396,O,191347.94,1996-07-07,4-NOT SPECIFIED,Clerk#000000105,0
3138883,1783,F,183902.13,1993-08-15,2-HIGH,Clerk#000000426,0
3139456,1943,F,207398.78,1993-05-27,3-MEDIUM,Clerk#000000639,0
3145478,1499,F,152158.44,1992-11-04,4-NOT SPECIFIED,Clerk#000000007,0
3147972,1216,F,353501.74,1994-05-08,4-NOT SPECIFIED,Clerk#000000536,0
3175041,440,F,320763.57,1993-12-23,5-LOW,Clerk#000000265,0
3180802,235,F,141767.54,1994-02-12,5-LOW,Clerk#000000313,0
3184487,1216,F,50281.53,1995-03-26,1-URGENT,Clerk#000000791,0
3185127,1450,F,240647.33,1993-09-08,3-MEDIUM,Clerk#000000458,0
3185380,1783,F,115291.82,1994-11-20,4-NOT SPECIFIED,Clerk#000000832,0
3185861,1673,F,232242.46,1994-04-24,1-URGENT,Clerk#000000063,0
3187585,1783,F,176441.01,1992-02-03,4-NOT SPECIFIED,Clerk#000000462,0
3199653,1826,F,140122.89,1992-08-31,5-LOW,Clerk#000000626,0
3203937,1717,O,161250.89,1996-12-28,5-LOW,Clerk#000000751,0
3215045,385,O,201556.06,1997-07-03,2-HIGH,Clerk#000000644,0
3226182,1396,O,121552.54,1997-06-08,5-LOW,Clerk#000000818,0
3235490,1288,F,233354.19,1993-12-01,3-MEDIUM,Clerk#000000480,0
3239365,2083,O,37644.83,1995-11-20,1-URGENT,Clerk#000000875,0
3246117,1429,O,196545.25,1998-05-25,4-NOT SPECIFIED,Clerk#000000222,0
3252167,1207,F,43333.64,1992-02-16,4-NOT SPECIFIED,Clerk#000000664,0
3254625,520,O,117392.98,1998-06-15,5-LOW,Clerk#000000247,0
3266147,1385,O,7646.91,1997-04-12,1-URGENT,Clerk#000000902,0
3271333,64,O,162443.94,1998-03-21,2-HIGH,Clerk#000000294,0
3271844,268,F,139501.69,1992-06-20,2-HIGH,Clerk#000000082,0
3272449,1262,F,272875.88,1993-04-27,5-LOW,Clerk#000000802,0
3275718,1651,F,193144.76,1994-01-13,4-NOT SPECIFIED,Clerk#000000103,0
3279425,1801,O,230570.16,1997-04-09,2-HIGH,Clerk#000000095,0
3279558,1651,O,222915.64,1996-08-14,5-LOW,Clerk#000000781,0
3282721,1873,O,74242.66,1996-09-22,3-MEDIUM,Clerk#000000361,0
3283623,2227,O,40857.18,1995-08-19,3-MEDIUM,Clerk#000000480,0
3287780,64,O,215578.54,1995-10-17,4-NOT SPECIFIED,Clerk#000000786,0
3294660,883,F,267931.49,1995-02-27,5-LOW,Clerk#000000199,0
3295814,905,O,71147.34,1997-05-08,1-URGENT,Clerk#000000566,0
3296678,1153,O,232129.66,1995-06-06,1-URGENT,Clerk#000000394,0
3297664,488,F,37925.31,1993-03-19,3-MEDIUM,Clerk#000000179,0
3298277,226,F,223771.03,1992-07-06,5-LOW,Clerk#000000377,0
3305473,343,F,213589.03,1993-08-09,4-NOT SPECIFIED,Clerk#000000327,0
3312613,1216,F,75814.62,1992-12-21,2-HIGH,Clerk#000000984,0
3316196,2255,F,191899.30,1994-04-04,5-LOW,Clerk#000000179,0
3324898,2227,F,223909.29,1995-03-24,2-HIGH,Clerk#000000161,0
3325733,1262,F,256496.51,1992-07-03,4-NOT SPECIFIED,Clerk#000000576,0
3330400,22,O,49314.69,1997-09-09,5-LOW,Clerk#000000284,0
3331940,1873,O,196906.28,1996-07-09,3-MEDIUM,Clerk#000000771,0
3334048,1396,F,225042.44,1993-10-01,2-HIGH,Clerk#000000610,0
3347015,1717,F,215379.65,1992-05-09,2-HIGH,Clerk#000000571,0
3348422,1207,O,146716.64,1995-09-02,2-HIGH,Clerk#000000909,0
3351968,1783,O,61810.98,1995-07-25,1-URGENT,Clerk#000000771,0
3358403,440,O,131835.81,1997-02-11,3-MEDIUM,Clerk#000000244,0
3368547,22,O,235048.75,1997-05-12,5-LOW,Clerk#000000193,0
3368833,40,O,81607.72,1997-12-28,3-MEDIUM,Clerk#000000183,0
3374720,1813,F,73766.05,1993-09-29,3-MEDIUM,Clerk#000000921,0
3378979,13,O,100076.07,1996-08-16,3-MEDIUM,Clerk#000000882,0
3380998,2215,F,120467.65,1994-05-14,5-LOW,Clerk#000000385,0
3390406,520,F,283397.17,1992-06-22,2-HIGH,Clerk#000000782,0
3393761,1882,F,201715.08,1993-10-14,3-MEDIUM,Clerk#000000507,0
3397381,1216,O,79740.87,1995-10-17,3-MEDIUM,Clerk#000000448,0
3403330,2083,F,141398.41,1993-06-27,2-HIGH,Clerk#000000893,0
3407973,1288,O,120604.54,1996-08-29,1-URGENT,Clerk#000000449,0
3413220,796,O,60888.78,1998-02-08,1-URGENT,Clerk#000000948,0
3417191,1396,O,206379.64,1997-12-11,5-LOW,Clerk#000000837,0
3418245,343,O,177593.84,1997-11-03,3-MEDIUM,Clerk#000000544,0
3429440,2189,O,93076.44,1996-10-17,2-HIGH,Clerk#000000494,0
3433698,1207,O,166713.10,1996-12-04,3-MEDIUM,Clerk#000000757,0
3433728,64,O,288680.86,1996-03-16,3-MEDIUM,Clerk#000000315,0
3454209,2159,F,148480.53,1992-09-05,2-HIGH,Clerk#000000473,0
3463712,1813,O,175243.15,1996-09-08,1-URGENT,Clerk#000000225,0
3466851,443,O,152316.83,1997-12-27,2-HIGH,Clerk#000000988,0
3469539,2159,O,105011.04,1995-06-24,2-HIGH,Clerk#000000731,0
3471270,1801,O,17333.95,1997-10-11,5-LOW,Clerk#000000930,0
3477603,434,F,73829.48,1992-06-02,4-NOT SPECIFIED,Clerk#000000583,0
3478117,2164,O,74133.69,1997-06-21,4-NOT SPECIFIED,Clerk#000000798,0
3478595,677,P,151849.39,1995-03-25,5-LOW,Clerk#000000851,0
3487810,226,O,188697.92,1996-08-12,1-URGENT,Clerk#000000178,0
3494340,1153,F,225554.07,1992-08-13,4-NOT SPECIFIED,Clerk#000000672,0
3497858,1801,F,236277.87,1992-05-05,2-HIGH,Clerk#000000191,0
3498048,1937,F,10768.32,1993-08-26,2-HIGH,Clerk#000000997,0
3500323,520,F,136530.65,1993-06-12,3-MEDIUM,Clerk#000000363,0
3511718,343,F,24936.44,1994-08-24,5-LOW,Clerk#000000056,0
3518086,757,O,217511.33,1996-05-17,5-LOW,Clerk#000000279,0
3519395,1783,O,265193.51,1995-05-20,4-NOT SPECIFIED,Clerk#000000055,0
3527618,1429,F,97515.95,1994-09-20,2-HIGH,Clerk#000000058,0
3536100,1717,F,62128.73,1992-09-14,1-URGENT,Clerk#000000814,0
3540450,13,F,21643.67,1994-08-21,2-HIGH,Clerk#000000374,0
3542627,2215,O,95765.68,1998-07-28,5-LOW,Clerk#000000921,0
3552485,64,F,52987.84,1993-09-25,2-HIGH,Clerk#000000397,0
3554659,13,F,125100.57,1994-12-15,3-MEDIUM,Clerk#000000275,0
3578882,443,F,92578.29,1995-02-17,1-URGENT,Clerk#000000204,0
3586533,1429,F,94063.73,1992-10-16,3-MEDIUM,Clerk#000000782,0
605441,64,F,128629.78,1992-05-18,3-MEDIUM,Clerk#000000115,0
606119,1450,O,275666.24,1997-08-05,2-HIGH,Clerk#000000335,0
633125,1450,O,48959.51,1997-06-06,1-URGENT,Clerk#000000918,0
640645,1673,O,28310.87,1996-06-24,3-MEDIUM,Clerk#000000948,0
641573,898,F,11282.44,1994-07-06,3-MEDIUM,Clerk#000000115,0
645799,1499,F,165190.83,1994-08-26,4-NOT SPECIFIED,Clerk#000000799,0
651300,1717,O,348899.92,1995-07-28,3-MEDIUM,Clerk#000000908,0
652129,1396,F,138262.68,1993-02-02,3-MEDIUM,Clerk#000000675,0
655398,440,O,209504.19,1996-09-08,4-NOT SPECIFIED,Clerk#000000554,0
661986,1429,O,303727.42,1996-03-22,2-HIGH,Clerk#000000183,0
666944,1688,F,238945.96,1995-01-30,5-LOW,Clerk#000000780,0
669763,2227,O,309177.74,1996-09-12,2-HIGH,Clerk#000000991,0
682433,883,O,209829.90,1997-12-11,3-MEDIUM,Clerk#000000284,0
686918,23,F,198594.46,1992-08-21,1-URGENT,Clerk#000000622,0
689478,1873,O,316190.39,1998-03-01,2-HIGH,Clerk#000000668,0
698819,226,O,118806.02,1998-07-03,4-NOT SPECIFIED,Clerk#000000867,0
699750,2164,O,230379.30,1998-04-10,2-HIGH,Clerk#000000293,0
699878,883,F,179985.48,1994-06-23,2-HIGH,Clerk#000000976,0
702469,268,F,203688.52,1994-01-03,2-HIGH,Clerk#000000391,0
716611,520,F,143930.36,1994-12-21,5-LOW,Clerk#000000309,0
718470,520,F,293469.29,1992-11-18,5-LOW,Clerk#000000404,0
725477,1312,F,224461.42,1994-12-08,2-HIGH,Clerk#000000373,0
727011,1394,O,203453.45,1996-11-29,1-URGENT,Clerk#000000317,0
733376,430,O,98188.10,1998-08-01,4-NOT SPECIFIED,Clerk#000000552,0
737765,226,O,144370.30,1996-01-01,3-MEDIUM,Clerk#000000351,0
743297,1673,O,140167.31,1996-02-19,2-HIGH,Clerk#000000154,0
744833,434,O,2270.97,1995-11-28,4-NOT SPECIFIED,Clerk#000000025,0
745637,520,F,133854.21,1994-05-29,1-URGENT,Clerk#000000084,0
750496,1499,F,62565.42,1995-01-24,1-URGENT,Clerk#000000273,0
755335,1673,O,1162.33,1997-02-20,5-LOW,Clerk#000000102,0
759940,1450,O,289644.09,1995-07-17,1-URGENT,Clerk#000000064,0
777797,430,O,44323.18,1996-10-15,5-LOW,Clerk#000000325,0
778918,1882,F,60595.23,1994-04-14,3-MEDIUM,Clerk#000000271,0
780322,1717,O,88332.00,1996-09-25,4-NOT SPECIFIED,Clerk#000000798,0
784995,1840,F,193008.00,1993-08-05,5-LOW,Clerk#000000504,0
788583,2159,O,293911.30,1996-08-21,1-URGENT,Clerk#000000566,0
788613,1207,F,278422.01,1992-07-13,4-NOT SPECIFIED,Clerk#000000681,0
790530,233,O,126263.40,1995-11-22,3-MEDIUM,Clerk#000000013,0
790854,343,F,164887.27,1993-07-15,2-HIGH,Clerk#000000492,0
796165,1873,F,75352.59,1992-07-23,5-LOW,Clerk#000000577,0
806338,182,P,150490.68,1995-04-25,5-LOW,Clerk#000000023,0
817220,520,O,91650.37,1996-03-13,2-HIGH,Clerk#000000743,0
820836,1840,F,320436.99,1994-11-05,2-HIGH,Clerk#000000978,0
822053,988,O,217558.51,1995-10-09,3-MEDIUM,Clerk#000000250,0
828801,64,F,151164.19,1992-05-28,1-URGENT,Clerk#000000264,0
833989,1783,O,154347.50,1995-08-13,3-MEDIUM,Clerk#000000171,0
840615,1579,F,211138.22,1993-08-01,4-NOT SPECIFIED,Clerk#000000381,0
840800,385,F,93327.26,1994-05-06,1-URGENT,Clerk#000000293,0
852769,796,F,25793.96,1994-06-08,1-URGENT,Clerk#000000644,0
854375,23,F,163788.11,1993-09-16,3-MEDIUM,Clerk#000000820,0
857477,430,F,157076.42,1993-10-02,4-NOT SPECIFIED,Clerk#000000265,0
864192,385,O,152538.38,1996-03-23,1-URGENT,Clerk#000000507,0
867334,883,F,88483.24,1992-04-11,3-MEDIUM,Clerk#000000695,0
869574,13,O,65397.70,1998-01-21,2-HIGH,Clerk#000000549,0
876452,2083,O,25531.82,1995-09-22,5-LOW,Clerk#000000347,0
877127,1429,O,185274.84,1996-05-12,5-LOW,Clerk#000000304,0
877511,1288,O,90865.95,1995-07-05,4-NOT SPECIFIED,Clerk#000000538,0
878050,1579,F,18553.22,1993-07-22,1-URGENT,Clerk#000000618,0
879527,385,F,70563.53,1992-03-16,4-NOT SPECIFIED,Clerk#000000704,0
885350,1937,O,153638.44,1998-07-12,2-HIGH,Clerk#000000667,0
885956,1307,F,168002.13,1995-01-26,4-NOT SPECIFIED,Clerk#000000532,0
886214,1942,F,229932.16,1992-08-29,2-HIGH,Clerk#000000972,0
889507,1801,F,85965.82,1993-11-17,5-LOW,Clerk#000000446,0
894791,268,O,261091.67,1998-02-07,5-LOW,Clerk#000000120,0
894816,1801,O,61934.65,1997-10-09,4-NOT SPECIFIED,Clerk#000000024,0
905633,5,O,261338.66,1995-07-05,4-NOT SPECIFIED,Clerk#000000254,0
919335,1873,F,138025.21,1992-02-09,3-MEDIUM,Clerk#000000378,0
924294,988,O,173603.30,1998-01-08,3-MEDIUM,Clerk#000000279,0
934567,2164,O,105330.28,1998-01-16,2-HIGH,Clerk#000000286,0
939687,1942,F,41562.69,1992-12-07,1-URGENT,Clerk#000000564,0
943107,443,F,35846.12,1992-12-27,5-LOW,Clerk#000000514,0
951488,883,O,47774.82,1995-11-22,5-LOW,Clerk#000000096,0
961538,1207,O,30942.61,1995-12-19,4-NOT SPECIFIED,Clerk#000000486,0
971937,1688,F,34469.62,1992-07-15,1-URGENT,Clerk#000000357,0
973761,385,O,177890.44,1998-01-15,2-HIGH,Clerk#000000206,0
975685,182,O,58266.81,1996-01-04,1-URGENT,Clerk#000000848,0
977797,883,O,106807.47,1997-04-22,4-NOT SPECIFIED,Clerk#000000500,0
978311,64,F,13067.20,1994-04-12,1-URGENT,Clerk#000000471,0
991431,1579,F,97911.39,1992-02-22,4-NOT SPECIFIED,Clerk#000000653,0
993699,1840,P,59571.28,1995-04-01,1-URGENT,Clerk#000000977,0
994438,242,P,315569.41,1995-04-06,2-HIGH,Clerk#000000952,0
996421,385,F,272799.07,1994-03-28,3-MEDIUM,Clerk#000000219,0
1006978,430,F,18199.18,1994-12-14,4-NOT SPECIFIED,Clerk#000000072,0
1007011,2083,O,3490.88,1998-02-20,4-NOT SPECIFIED,Clerk#000000839,0
1028356,875,O,356839.91,1996-12-14,1-URGENT,Clerk#000000964,0
1038754,2255,F,288887.29,1993-11-04,5-LOW,Clerk#000000118,0
1041506,1241,P,89123.03,1995-06-04,5-LOW,Clerk#000000682,0
1045568,1882,F,78661.57,1993-07-01,3-MEDIUM,Clerk#000000240,0
1050688,64,F,224587.36,1992-12-09,3-MEDIUM,Clerk#000000239,0
1055940,1207,O,151304.89,1996-02-02,1-URGENT,Clerk#000000344,0
1056099,1396,O,287428.93,1997-01-08,2-HIGH,Clerk#000000941,0
1066274,40,F,101830.24,1994-04-28,2-HIGH,Clerk#000000677,0
1069318,1873,O,303634.09,1998-02-09,5-LOW,Clerk#000000380,0
1089127,1312,O,269975.62,1996-08-22,5-LOW,Clerk#000000631,0
1097793,1216,P,173845.93,1995-04-25,1-URGENT,Clerk#000000605,0
1103525,883,O,162980.74,1995-09-09,5-LOW,Clerk#000000128,0
1109061,757,O,193462.89,1996-07-06,4-NOT SPECIFIED,Clerk#000000299,0
1113635,757,O,270345.86,1997-10-14,2-HIGH,Clerk#000000978,0
1119813,64,O,217781.15,1996-10-19,5-LOW,Clerk#000000954,0
1122021,1801,F,196700.06,1994-03-06,1-URGENT,Clerk#000000123,0
1134851,1396,F,95726.60,1993-01-26,3-MEDIUM,Clerk#000000890,0
1140774,1943,F,58390.46,1994-09-13,4-NOT SPECIFIED,Clerk#000000174,0
1143329,1801,F,228323.62,1992-09-03,1-URGENT,Clerk#000000786,0
1147553,757,F,165159.46,1993-11-23,1-URGENT,Clerk#000000619,0
1166336,64,F,2521.40,1994-08-21,4-NOT SPECIFIED,Clerk#000000940,0
1175651,1258,F,230077.74,1994-01-19,5-LOW,Clerk#000000140,0
1190183,1937,O,102832.03,1996-03-25,1-URGENT,Clerk#000000256,0
1190662,235,F,351006.99,1994-10-04,2-HIGH,Clerk#000000803,0
4206370,235,F,133149.40,1993-03-31,1-URGENT,Clerk#000000634,0
4210560,520,F,158895.92,1993-07-31,2-HIGH,Clerk#000000495,0
4211522,1385,F,130760.65,1993-05-20,1-URGENT,Clerk#000000169,0
4213665,757,O,90114.44,1996-04-27,4-NOT SPECIFIED,Clerk#000000742,0
4218118,2227,O,137462.15,1998-02-06,5-LOW,Clerk#000000564,0
4226823,385,F,172762.05,1994-08-15,3-MEDIUM,Clerk#000000334,0
4229184,2255,F,206107.70,1993-07-27,4-NOT SPECIFIED,Clerk#000000747,0
4241159,883,P,208170.76,1995-03-02,3-MEDIUM,Clerk#000000811,0
4243392,13,O,117004.98,1996-03-19,2-HIGH,Clerk#000000059,0
4256355,182,O,65505.05,1997-05-30,2-HIGH,Clerk#000000137,0
4265831,1873,F,211518.39,1994-10-07,2-HIGH,Clerk#000000048,0
4269667,233,O,197745.58,1996-05-09,2-HIGH,Clerk#000000887,0
4272386,796,F,97945.99,1994-03-21,3-MEDIUM,Clerk#000000827,0
4278851,520,O,213391.92,1998-01-09,5-LOW,Clerk#000000539,0
4286116,1882,F,211102.00,1994-12-13,3-MEDIUM,Clerk#000000361,0
4292807,226,F,25902.76,1994-07-25,2-HIGH,Clerk#000000126,0
4293568,1942,F,173872.03,1993-07-15,5-LOW,Clerk#000000027,0
4293731,1579,O,249493.66,1997-12-21,5-LOW,Clerk#000000734,0
4295202,1882,F,66181.59,1994-04-13,3-MEDIUM,Clerk#000000868,0
4298849,430,F,147442.35,1994-03-31,3-MEDIUM,Clerk#000000205,0
4303365,1942,O,166719.68,1995-11-01,3-MEDIUM,Clerk#000000604,0
4314112,1288,F,8335.44,1993-04-30,2-HIGH,Clerk#000000610,0
4323076,1429,O,69380.24,1998-02-18,3-MEDIUM,Clerk#000000729,0
4324037,22,O,25364.21,1997-12-16,1-URGENT,Clerk#000000418,0
4327493,40,F,103280.48,1994-06-29,2-HIGH,Clerk#000000946,0
4329537,796,F,89352.87,1994-09-01,2-HIGH,Clerk#000000155,0
4332130,2164,F,231738.29,1993-11-09,3-MEDIUM,Clerk#000000663,0
4332802,1801,O,228296.96,1996-09-12,5-LOW,Clerk#000000258,0
4338242,2189,F,190761.27,1992-11-08,2-HIGH,Clerk#000000671,0
4367781,1579,O,266012.53,1996-09-12,5-LOW,Clerk#000000889,0
4368165,1307,F,166693.13,1992-07-06,2-HIGH,Clerk#000000644,0
4369572,1153,F,7473.53,1993-11-20,2-HIGH,Clerk#000000984,0
4373446,1801,F,136112.78,1994-12-02,2-HIGH,Clerk#000000963,0
4378371,757,F,56957.05,1992-06-01,4-NOT SPECIFIED,Clerk#000000368,0
4389285,1450,O,137968.12,1995-06-20,2-HIGH,Clerk#000000807,0
4393184,1262,F,126833.95,1994-01-11,2-HIGH,Clerk#000000073,0
4394148,1153,F,229006.34,1993-10-08,3-MEDIUM,Clerk#000000601,0
4420647,1882,F,388160.97,1994-03-20,4-NOT SPECIFIED,Clerk#000000867,0
4421893,1651,O,104845.59,1997-03-12,3-MEDIUM,Clerk#000000636,0
4431938,1801,F,167469.22,1994-01-05,3-MEDIUM,Clerk#000000962,0
4432647,443,F,244154.81,1995-01-10,1-URGENT,Clerk#000000101,0
4437029,1688,F,101971.65,1992-09-10,2-HIGH,Clerk#000000996,0
4440610,2083,O,268633.88,1996-11-06,1-URGENT,Clerk#000000127,0
4459719,1207,O,263337.47,1997-06-08,3-MEDIUM,Clerk#000000913,0
4468480,1358,F,148991.26,1994-01-01,3-MEDIUM,Clerk#000000137,0
4469217,430,F,230420.98,1994-05-19,3-MEDIUM,Clerk#000000887,0
4469313,488,O,150850.44,1998-05-04,2-HIGH,Clerk#000000263,0
4476992,235,F,169806.55,1995-03-07,5-LOW,Clerk#000000550,0
4483587,2215,F,296671.89,1993-03-24,4-NOT SPECIFIED,Clerk#000000920,0
4488486,898,O,236170.36,1997-03-23,4-NOT SPECIFIED,Clerk#000000936,0
4501671,1840,F,49257.45,1993-05-12,1-URGENT,Clerk#000000737,0
4517156,1153,F,22293.73,1992-02-17,1-URGENT,Clerk#000000758,0
4522080,268,F,170179.19,1993-03-27,4-NOT SPECIFIED,Clerk#000000439,0
4529632,242,O,182159.20,1996-04-13,1-URGENT,Clerk#000000447,0
4535970,40,F,89021.07,1993-03-01,3-MEDIUM,Clerk#000000996,0
4542245,1153,F,164388.41,1993-07-30,5-LOW,Clerk#000000209,0
4543392,988,F,196219.54,1993-12-02,2-HIGH,Clerk#000000964,0
4543430,1826,F,170356.39,1994-04-24,1-URGENT,Clerk#000000707,0
4546148,2164,F,251618.92,1993-04-12,2-HIGH,Clerk#000000240,0
4553347,677,O,287829.27,1996-09-17,2-HIGH,Clerk#000000220,0
4559427,1396,O,261510.57,1996-11-03,3-MEDIUM,Clerk#000000445,0
4564033,677,O,259165.95,1998-05-09,5-LOW,Clerk#000000366,0
4566499,1783,F,241862.93,1992-10-06,1-URGENT,Clerk#000000110,0
4569506,1207,F,211156.80,1993-09-04,1-URGENT,Clerk#000000686,0
4574598,1216,O,85918.40,1996-01-30,1-URGENT,Clerk#000000183,0
4575365,1937,O,172572.93,1996-10-02,3-MEDIUM,Clerk#000000225,0
4577602,385,O,120106.78,1995-08-05,3-MEDIUM,Clerk#000000529,0
4586595,796,O,78784.53,1998-01-15,1-URGENT,Clerk#000000433,0
4587587,122,F,273615.47,1994-07-29,2-HIGH,Clerk#000000661,0
4603875,22,O,265407.55,1998-05-27,2-HIGH,Clerk#000000958,0
4613986,40,O,37081.80,1997-06-05,2-HIGH,Clerk#000000756,0
4617479,1826,O,171129.58,1997-01-23,1-URGENT,Clerk#000000986,0
4620321,1385,F,238664.26,1992-01-20,5-LOW,Clerk#000000550,0
4621095,1673,F,268955.36,1994-11-26,3-MEDIUM,Clerk#000000300,0
4624647,1801,O,75985.48,1996-10-21,1-URGENT,Clerk#000000551,0
4629250,1312,O,88856.89,1998-06-12,2-HIGH,Clerk#000000488,0
4633348,1312,O,88213.45,1997-07-13,4-NOT SPECIFIED,Clerk#000000847,0
4635938,1216,O,4960.43,1997-01-17,2-HIGH,Clerk#000000875,0
4653414,233,F,230653.04,1994-01-07,4-NOT SPECIFIED,Clerk#000000971,0
4660036,1429,F,35535.78,1993-11-19,5-LOW,Clerk#000000782,0
4663683,1258,F,133670.00,1994-08-22,3-MEDIUM,Clerk#000000404,0
4664258,796,O,38315.20,1996-04-10,3-MEDIUM,Clerk#000000897,0
4665573,1307,F,236832.07,1994-04-16,3-MEDIUM,Clerk#000000141,0
4665925,343,F,306740.34,1993-02-14,1-URGENT,Clerk#000000780,0
4666372,443,O,224892.66,1995-07-16,2-HIGH,Clerk#000000009,0
4676871,863,F,302722.38,1993-01-27,4-NOT SPECIFIED,Clerk#000000290,0
4680708,1262,F,80065.50,1994-02-15,4-NOT SPECIFIED,Clerk#000000452,0
4692321,122,O,62323.09,1996-01-11,4-NOT SPECIFIED,Clerk#000000836,0
4692512,796,F,127250.32,1994-10-05,1-URGENT,Clerk#000000232,0
4697892,1262,O,77396.89,1997-08-16,5-LOW,Clerk#000000689,0
4698310,385,F,125377.21,1992-07-17,5-LOW,Clerk#000000105,0
4703460,2159,O,144206.34,1996-04-20,5-LOW,Clerk#000000266,0
4706528,268,O,135974.49,1995-08-19,2-HIGH,Clerk#000000018,0
4717154,2159,O,89509.03,1997-12-26,4-NOT SPECIFIED,Clerk#000000153,0
4721764,385,O,163443.19,1996-11-07,4-NOT SPECIFIED,Clerk#000000230,0
4722723,343,O,93358.10,1996-09-07,4-NOT SPECIFIED,Clerk#000000964,0
4722951,1937,F,107822.82,1995-03-05,2-HIGH,Clerk#000000274,0
4724512,632,F,163067.01,1992-04-10,2-HIGH,Clerk#000000709,0
4731076,1499,F,134729.81,1993-05-17,5-LOW,Clerk#000000717,0
4745381,1216,F,165043.65,1993-02-14,2-HIGH,Clerk#000000717,0
4746592,1358,F,260764.79,1994-08-30,4-NOT SPECIFIED,Clerk#000000375,0
4755425,1826,F,61882.23,1995-04-11,1-URGENT,Clerk#000000482,0
4756678,1813,F,88901.83,1994-10-16,2-HIGH,Clerk#000000896,0
4758566,2215,P,245009.30,1995-03-23,4-NOT SPECIFIED,Clerk#000000517,0
4764293,13,F,52585.81,1992-03-15,5-LOW,Clerk#000000262,0
4767622,796,O,122709.30,1997-11-18,5-LOW,Clerk#000000830,0
4777347,1840,O,145319.42,1998-06-20,5-LOW,Clerk#000000037,0
4780677,796,O,40515.91,1997-01-22,3-MEDIUM,Clerk#000000662,0
4792641,1241,F,226629.05,1994-11-26,3-MEDIUM,Clerk#000000116,0
4793415,2018,O,51083.85,1997-10-04,4-NOT SPECIFIED,Clerk#000000193,0
4793889,1673,O,161855.26,1995-08-05,4-NOT SPECIFIED,Clerk#000000483,0
4794213,22,F,184300.17,1995-01-10,5-LOW,Clerk#000000846,0
4797123,1873,F,182367.73,1993-03-14,5-LOW,Clerk#000000378,0
1804486,385,F,131190.38,1993-09-11,5-LOW,Clerk#000000815,0
1804515,1258,F,151684.10,1994-09-07,4-NOT SPECIFIED,Clerk#000000495,0
1805447,1813,O,211862.05,1996-10-28,1-URGENT,Clerk#000000411,0
1818151,988,O,115013.18,1997-04-18,2-HIGH,Clerk#000000012,0
1819008,40,F,255369.33,1992-11-02,4-NOT SPECIFIED,Clerk#000000271,0
1820866,1429,O,118798.40,1996-09-20,5-LOW,Clerk#000000378,0
1820933,2215,F,242963.81,1994-09-28,4-NOT SPECIFIED,Clerk#000000841,0
1822502,233,O,87621.99,1998-07-01,2-HIGH,Clerk#000000062,0
1823527,1882,F,345201.19,1994-06-13,2-HIGH,Clerk#000000331,0
1831618,1882,O,58790.99,1997-10-14,5-LOW,Clerk#000000123,0
1843907,23,F,174664.45,1992-10-25,1-URGENT,Clerk#000000632,0
1846342,226,F,45038.56,1992-08-12,3-MEDIUM,Clerk#000000774,0
1847042,863,O,151412.51,1997-07-24,1-URGENT,Clerk#000000507,0
1855940,242,F,43038.04,1993-07-08,1-URGENT,Clerk#000000621,0
1857028,2083,O,179596.89,1998-07-11,5-LOW,Clerk#000000622,0
1857794,40,F,278888.85,1993-05-08,4-NOT SPECIFIED,Clerk#000000564,0
1875463,146,F,165241.66,1993-12-09,4-NOT SPECIFIED,Clerk#000000567,0
1876263,64,F,176788.82,1993-02-06,4-NOT SPECIFIED,Clerk#000000382,0
1876550,22,F,149450.45,1992-05-18,1-URGENT,Clerk#000000320,0
1886432,1943,O,109014.62,1997-10-02,1-URGENT,Clerk#000000588,0
1890727,2255,F,320622.96,1993-05-26,2-HIGH,Clerk#000000561,0
1902118,1262,O,186723.38,1996-04-09,1-URGENT,Clerk#000000947,0
1904804,2018,O,59296.17,1995-12-20,5-LOW,Clerk#000000965,0
1905569,1394,O,54116.74,1995-06-13,3-MEDIUM,Clerk#000000833,0
1911490,226,F,61304.71,1992-04-08,2-HIGH,Clerk#000000117,0
1913153,2255,F,131528.65,1993-06-29,3-MEDIUM,Clerk#000000519,0
1919296,1882,O,307796.01,1996-08-10,5-LOW,Clerk#000000777,0
1924577,1450,F,302687.59,1995-01-21,4-NOT SPECIFIED,Clerk#000000682,0
1929888,1499,O,282315.67,1996-11-25,1-URGENT,Clerk#000000397,0
1950373,122,F,170057.39,1994-06-28,4-NOT SPECIFIED,Clerk#000000875,0
1953379,268,F,228820.69,1993-11-04,5-LOW,Clerk#000000845,0
1953381,13,F,101661.97,1994-06-17,3-MEDIUM,Clerk#000000152,0
1953926,40,F,147421.31,1993-05-14,4-NOT SPECIFIED,Clerk#000000560,0
1955873,235,O,18954.12,1995-08-04,5-LOW,Clerk#000000244,0
1956899,226,O,303856.79,1997-04-22,2-HIGH,Clerk#000000150,0
1967943,1258,O,101503.82,1995-10-02,1-URGENT,Clerk#000000592,0
1978854,40,F,253253.53,1993-01-08,1-URGENT,Clerk#000000738,0
1988996,2159,O,229681.48,1995-12-29,1-URGENT,Clerk#000000225,0
1991461,13,F,256977.48,1993-08-20,3-MEDIUM,Clerk#000000415,0
2003366,1717,O,162467.80,1997-04-16,2-HIGH,Clerk#000000116,0
2004966,430,O,100042.36,1996-04-12,4-NOT SPECIFIED,Clerk#000000903,0
2005186,1840,O,120662.99,1998-06-22,5-LOW,Clerk#000000925,0
2016135,226,O,301183.27,1997-05-12,1-URGENT,Clerk#000000118,0
2017540,226,F,98667.60,1992-11-30,2-HIGH,Clerk#000000560,0
2024064,2189,F,129480.18,1992-10-22,3-MEDIUM,Clerk#000000609,0
2045670,796,O,1828.20,1996-11-29,5-LOW,Clerk#000000900,0
2050752,2215,O,300067.91,1997-05-02,2-HIGH,Clerk#000000077,0
2054658,1307,O,143725.05,1997-06-13,1-URGENT,Clerk#000000675,0
2063427,434,O,168922.01,1998-08-02,4-NOT SPECIFIED,Clerk#000000882,0
2094342,182,O,109899.10,1995-08-23,2-HIGH,Clerk#000000684,0
2096611,64,F,198463.34,1992-12-03,4-NOT SPECIFIED,Clerk#000000858,0
2099490,1717,F,112418.30,1993-05-23,2-HIGH,Clerk#000000282,0
2111618,796,F,190577.93,1992-03-25,3-MEDIUM,Clerk#000000237,0
2118947,1207,O,192670.55,1996-08-13,4-NOT SPECIFIED,Clerk#000000468,0
2149027,2215,O,103516.74,1997-02-01,5-LOW,Clerk#000000332,0
2151264,1450,O,148224.24,1995-12-24,2-HIGH,Clerk#000000064,0
2156357,875,F,143841.28,1993-12-11,2-HIGH,Clerk#000000512,0
2157059,757,F,129743.36,1993-11-14,5-LOW,Clerk#000000277,0
2158790,2215,O,175106.79,1998-07-15,3-MEDIUM,Clerk#000000169,0
2163206,883,O,117888.69,1996-08-04,5-LOW,Clerk#000000157,0
2169510,1579,F,54881.61,1995-03-13,2-HIGH,Clerk#000000332,0
2177185,1450,F,116242.05,1993-10-17,4-NOT SPECIFIED,Clerk#000000230,0
2185223,1450,F,259065.44,1992-01-28,5-LOW,Clerk#000000158,0
2192421,988,P,140955.08,1995-05-17,1-URGENT,Clerk#000000056,0
2193922,1262,O,68591.43,1995-06-16,2-HIGH,Clerk#000000639,0
2194208,1840,F,75065.81,1992-03-06,5-LOW,Clerk#000000448,0
2197920,2083,O,3897.68,1995-11-25,3-MEDIUM,Clerk#000000688,0
2207169,1394,O,88493.36,1996-05-22,1-URGENT,Clerk#000000917,0
2209635,875,F,177402.00,1994-02-13,4-NOT SPECIFIED,Clerk#000000202,0
2216295,1396,F,279007.79,1992-01-16,4-NOT SPECIFIED,Clerk#000000334,0
2219456,1450,F,196064.18,1994-10-27,3-MEDIUM,Clerk#000000631,0
2221921,1783,F,231587.23,1992-01-05,5-LOW,Clerk#000000914,0
2226848,2227,P,134174.53,1995-03-12,2-HIGH,Clerk#000000866,0
2230336,757,O,345534.44,1998-06-04,5-LOW,Clerk#000000708,0
2231047,1258,O,104161.90,1996-09-12,1-URGENT,Clerk#000000445,0
2244516,1153,O,126342.71,1996-07-31,3-MEDIUM,Clerk#000000406,0
2244707,2255,P,98283.26,1995-03-21,2-HIGH,Clerk#000000882,0
2245735,632,O,179404.96,1996-02-16,1-URGENT,Clerk#000000298,0
2248546,13,F,161835.66,1994-03-15,1-URGENT,Clerk#000000511,0
2251494,1579,O,127121.09,1995-09-01,1-URGENT,Clerk#000000462,0
2267716,440,F,133179.55,1993-01-31,2-HIGH,Clerk#000000563,0
2275495,1312,O,220109.44,1996-03-27,3-MEDIUM,Clerk#000000064,0
2275617,1717,O,132207.70,1997-09-02,1-URGENT,Clerk#000000075,0
2278565,122,O,140018.89,1997-03-02,2-HIGH,Clerk#000000218,0
2282503,2215,F,222912.21,1992-07-13,5-LOW,Clerk#000000150,0
2284455,1207,O,74901.15,1997-07-16,3-MEDIUM,Clerk#000000016,0
2291648,488,F,324212.99,1993-02-18,5-LOW,Clerk#000000933,0
2294500,1496,F,34212.12,1992-06-12,4-NOT SPECIFIED,Clerk#000000419,0
2297927,1262,O,146327.73,1996-09-20,1-URGENT,Clerk#000000577,0
2302305,2255,F,200647.02,1993-07-17,1-URGENT,Clerk#000000470,0
2302690,1396,P,253470.42,1995-04-13,2-HIGH,Clerk#000000315,0
2303495,1288,F,13042.87,1993-10-01,4-NOT SPECIFIED,Clerk#000000477,0
2304005,226,F,242047.63,1993-06-10,5-LOW,Clerk#000000932,0
2304386,520,F,230843.14,1995-02-23,3-MEDIUM,Clerk#000000164,0
2309312,235,F,11957.78,1994-03-05,1-URGENT,Clerk#000000840,0
2323718,1258,O,12937.55,1996-04-10,5-LOW,Clerk#000000341,0
2324642,898,O,241466.91,1998-06-29,5-LOW,Clerk#000000194,0
2324996,796,F,142001.69,1994-04-02,3-MEDIUM,Clerk#000000259,0
2326306,1873,F,135551.44,1995-01-24,1-URGENT,Clerk#000000844,0
2338053,2018,O,23535.53,1995-05-17,5-LOW,Clerk#000000895,0
2339875,1394,F,85906.36,1992-07-12,2-HIGH,Clerk#000000770,0
2350434,1801,F,83542.93,1992-05-04,1-URGENT,Clerk#000000402,0
2368231,146,F,95835.25,1992-03-13,1-URGENT,Clerk#000000474,0
2368423,434,F,148947.48,1992-10-05,3-MEDIUM,Clerk#000000571,0
2369027,1216,O,111371.96,1997-10-18,1-URGENT,Clerk#000000154,0
2371430,443,F,197292.11,1993-10-04,3-MEDIUM,Clerk#000000926,0
2376197,1216,F,29883.30,1994-10-02,3-MEDIUM,Clerk#000000747,0
2378087,2215,F,219097.26,1993-12-08,1-URGENT,Clerk#000000594,0
2379907,64,O,242145.16,1998-03-06,5-LOW,Clerk#000000653,0
2386565,1942,O,89400.13,1996-01-11,3-MEDIUM,Clerk#000000913,0
2392673,1942,O,243262.23,1997-03-28,4-NOT SPECIFIED,Clerk#000000397,0
2395079,2189,O,81141.72,1995-06-06,4-NOT SPECIFIED,Clerk#000000857,0
2401414,40,O,187172.94,1996-04-26,3-MEDIUM,Clerk#000000789,0
2402786,1873,P,108200.49,1995-06-02,5-LOW,Clerk#000000113,0
2413316,1942,O,28725.81,1998-04-08,1-URGENT,Clerk#000000770,0
2421056,1394,F,225231.79,1994-10-24,1-URGENT,Clerk#000000369,0
2426082,632,O,281106.11,1998-03-07,1-URGENT,Clerk#000000267,0
2428612,1258,O,211050.62,1998-07-03,4-NOT SPECIFIED,Clerk#000000953,0
2430914,1153,F,83470.94,1995-02-11,2-HIGH,Clerk#000000850,0
2435940,1873,F,93065.88,1992-10-23,3-MEDIUM,Clerk#000000843,0
2439686,488,O,178805.68,1996-09-28,2-HIGH,Clerk#000000179,0
2446886,1873,F,282391.15,1994-06-20,1-URGENT,Clerk#000000022,0
2460192,1288,F,137478.65,1994-04-07,2-HIGH,Clerk#000000971,0
2465415,632,F,11485.90,1992-09-17,3-MEDIUM,Clerk#000000461,0
2468162,1153,F,158512.76,1993-01-16,4-NOT SPECIFIED,Clerk#000000151,0
2470468,1579,F,124666.92,1993-07-22,3-MEDIUM,Clerk#000000672,0
2471840,40,O,308184.32,1996-06-03,5-LOW,Clerk#000000459,0
2478148,1801,F,161185.69,1994-07-22,5-LOW,Clerk#000000468,0
2479971,1937,F,222963.13,1995-02-02,3-MEDIUM,Clerk#000000874,0
2491937,988,F,213086.96,1993-10-23,5-LOW,Clerk#000000404,0
2495395,1385,O,302764.08,1995-08-25,1-URGENT,Clerk#000000231,0
2499873,1288,F,26603.49,1994-12-03,2-HIGH,Clerk#000000190,0
2502209,2227,O,259295.93,1995-07-25,4-NOT SPECIFIED,Clerk#000000864,0
2504544,898,F,147317.11,1995-02-18,4-NOT SPECIFIED,Clerk#000000280,0
2507303,22,O,16845.36,1997-10-09,2-HIGH,Clerk#000000016,0
2507906,1840,F,152085.28,1992-08-25,5-LOW,Clerk#000000265,0
2510433,443,O,54465.45,1995-05-01,4-NOT SPECIFIED,Clerk#000000585,0
2520998,2215,F,186797.72,1995-01-05,3-MEDIUM,Clerk#000000158,0
2525797,1396,F,102933.64,1994-06-05,1-URGENT,Clerk#000000118,0
2528897,1207,O,236666.28,1996-07-31,3-MEDIUM,Clerk#000000367,0
2533025,2227,O,298527.86,1995-07-30,3-MEDIUM,Clerk#000000109,0
2533540,1385,F,50429.48,1993-11-09,4-NOT SPECIFIED,Clerk#000000921,0
2537827,2215,O,93347.06,1995-07-06,2-HIGH,Clerk#000000601,0
2548289,1717,O,145584.99,1996-03-18,2-HIGH,Clerk#000000829,0
2560674,1216,F,63213.01,1994-11-20,3-MEDIUM,Clerk#000000318,0
2562148,268,O,74437.63,1997-01-19,1-URGENT,Clerk#000000926,0
2563527,1496,F,107951.38,1992-09-04,4-NOT SPECIFIED,Clerk#000000315,0
2571751,2164,F,252371.13,1992-01-26,5-LOW,Clerk#000000242,0
2574213,343,P,194972.35,1995-04-13,5-LOW,Clerk#000000337,0
2581281,430,O,28601.21,1996-11-10,1-URGENT,Clerk#000000032,0
2583495,1840,O,124197.21,1997-09-28,4-NOT SPECIFIED,Clerk#000000881,0
2584103,1579,F,145800.51,1993-08-05,4-NOT SPECIFIED,Clerk#000000774,0
2589862,64,F,210817.12,1994-03-08,4-NOT SPECIFIED,Clerk#000000807,0
2591172,757,F,32620.72,1994-12-10,3-MEDIUM,Clerk#000000255,0
2595424,1216,O,237786.03,1997-08-28,3-MEDIUM,Clerk#000000648,0
2604326,22,F,77794.30,1993-02-08,3-MEDIUM,Clerk#000000742,0
2604709,1207,O,234386.37,1996-11-15,1-URGENT,Clerk#000000357,0
2611074,1385,F,278812.31,1994-11-20,1-URGENT,Clerk#000000294,0
2612259,1207,O,148814.04,1997-09-16,4-NOT SPECIFIED,Clerk#000000551,0
2621158,1717,O,18369.52,1996-09-05,1-URGENT,Clerk#000000609,0
2624800,1262,F,305279.71,1992-04-10,2-HIGH,Clerk#000000267,0
2630562,5,F,324835.83,1993-06-27,4-NOT SPECIFIED,Clerk#000000966,0
2640673,1579,F,49812.45,1994-04-24,1-URGENT,Clerk#000000188,0
2642305,1942,F,132477.51,1994-05-09,3-MEDIUM,Clerk#000000032,0
2643426,1396,F,213234.03,1993-11-14,3-MEDIUM,Clerk#000000414,0
2645186,1429,O,68418.81,1997-03-05,4-NOT SPECIFIED,Clerk#000000209,0
2646244,22,O,178885.67,1997-08-30,4-NOT SPECIFIED,Clerk#000000227,0
2649830,1429,F,99571.53,1995-01-29,3-MEDIUM,Clerk#000000747,0
2650624,343,F,117256.13,1995-03-11,5-LOW,Clerk#000000781,0
2651266,13,F,159823.91,1994-03-26,4-NOT SPECIFIED,Clerk#000000540,0
2651975,1288,O,229337.08,1996-06-09,4-NOT SPECIFIED,Clerk#000000395,0
2653666,443,O,125147.98,1997-07-20,3-MEDIUM,Clerk#000000419,0
2682343,1717,F,284399.11,1994-11-29,1-URGENT,Clerk#000000505,0
2684677,1595,F,3147.74,1994-12-09,2-HIGH,Clerk#000000125,0
2685763,905,F,9864.22,1992-01-09,4-NOT SPECIFIED,Clerk#000000946,0
2686177,1288,P,223367.57,1995-04-04,4-NOT SPECIFIED,Clerk#000000005,0
2687649,233,F,63976.68,1993-08-23,3-MEDIUM,Clerk#000000598,0
2687810,1258,F,77092.28,1993-03-02,2-HIGH,Clerk#000000693,0
2688805,1307,O,41833.99,1996-09-20,5-LOW,Clerk#000000253,0
2690148,343,O,74094.21,1996-03-26,5-LOW,Clerk#000000482,0
2690304,1499,O,45888.11,1995-09-03,5-LOW,Clerk#000000863,0
2708704,1882,O,16513.18,1996-06-01,1-URGENT,Clerk#000000871,0
2718208,22,O,168257.57,1995-12-30,1-URGENT,Clerk#000000290,0
2734631,1262,F,17371.79,1993-02-26,4-NOT SPECIFIED,Clerk#000000907,0
2746054,632,O,68203.38,1997-03-16,2-HIGH,Clerk#000000751,0
2748130,2164,O,149248.48,1997-06-05,3-MEDIUM,Clerk#000000441,0
2752452,1207,O,145934.32,1998-03-23,2-HIGH,Clerk#000000393,0
2756930,757,F,75838.07,1993-07-30,3-MEDIUM,Clerk#000000204,0
2768640,1840,F,254246.58,1994-03-06,4-NOT SPECIFIED,Clerk#000000128,0
2772679,2215,F,61734.04,1992-06-17,3-MEDIUM,Clerk#000000562,0
2787846,2018,O,91303.41,1997-06-13,5-LOW,Clerk#000000151,0
2790278,1216,O,85909.05,1997-05-20,2-HIGH,Clerk#000000010,0
2794497,1651,O,73019.11,1997-03-11,1-URGENT,Clerk#000000215,0
2803078,1688,O,181470.37,1996-08-08,2-HIGH,Clerk#000000873,0
2807013,1840,F,110707.51,1992-11-13,4-NOT SPECIFIED,Clerk#000000100,0
2814022,2159,F,69269.74,1992-06-21,5-LOW,Clerk#000000699,0
2818306,883,O,208447.36,1996-08-28,1-URGENT,Clerk#000000224,0
2818947,2227,O,238550.48,1995-10-10,1-URGENT,Clerk#000000389,0
2826500,23,F,99134.39,1994-08-27,5-LOW,Clerk#000000353,0
2832583,1241,F,42887.04,1993-10-06,1-URGENT,Clerk#000000136,0
2839203,905,F,219517.54,1994-05-18,2-HIGH,Clerk#000000049,0
2845123,2159,F,13430.84,1992-04-22,5-LOW,Clerk#000000585,0
2852388,2255,O,176408.75,1997-09-19,3-MEDIUM,Clerk#000000995,0
2860295,1496,F,137106.45,1993-12-09,1-URGENT,Clerk#000000932,0
2862373,1216,F,51577.18,1994-10-30,2-HIGH,Clerk#000000892,0
2876455,1153,O,149230.11,1998-05-29,4-NOT SPECIFIED,Clerk#000000249,0
2879301,757,F,72132.03,1994-12-16,2-HIGH,Clerk#000000388,0
2887619,1288,O,148645.82,1996-12-15,1-URGENT,Clerk#000000723,0
2890945,64,O,46389.15,1995-12-24,4-NOT SPECIFIED,Clerk#000000840,0
2891429,1813,F,79412.68,1993-02-05,2-HIGH,Clerk#000000965,0
2898465,2227,F,259146.36,1994-12-18,4-NOT SPECIFIED,Clerk#000000502,0
2913221,796,F,191106.65,1994-12-28,5-LOW,Clerk#000000477,0
2916672,40,F,176690.46,1992-12-20,4-NOT SPECIFIED,Clerk#000000550,0
2928324,1207,O,263865.88,1995-07-25,3-MEDIUM,Clerk#000000569,0
2929155,1312,O,288437.32,1996-03-02,4-NOT SPECIFIED,Clerk#000000311,0
2935008,1942,O,113792.29,1997-12-25,4-NOT SPECIFIED,Clerk#000000300,0
2944775,1216,O,171606.90,1997-11-11,2-HIGH,Clerk#000000201,0
2945442,226,O,109907.71,1996-07-23,3-MEDIUM,Clerk#000000623,0
2952768,1499,O,36800.40,1998-05-09,5-LOW,Clerk#000000986,0
2958117,13,F,78761.73,1993-02-01,2-HIGH,Clerk#000000921,0
2969831,1801,F,279223.89,1995-02-12,4-NOT SPECIFIED,Clerk#000000941,0
2989600,1673,F,166935.31,1994-11-22,3-MEDIUM,Clerk#000000156,0
1669,1840,O,33626.40,1997-06-09,3-MEDIUM,Clerk#000000663,0
5507,1673,O,221279.44,1998-05-28,5-LOW,Clerk#000000692,0
9154,13,O,331327.34,1997-06-23,4-NOT SPECIFIED,Clerk#000000328,0
15174,1595,F,91852.65,1992-11-07,2-HIGH,Clerk#000000072,0
17056,1813,O,289620.08,1998-07-24,1-URGENT,Clerk#000000533,0
33223,1385,O,28477.64,1996-08-22,4-NOT SPECIFIED,Clerk#000000035,0
33443,677,F,53249.11,1992-05-04,1-URGENT,Clerk#000000901,0
33990,1882,F,46057.43,1993-01-11,2-HIGH,Clerk#000000560,0
39174,1801,O,240846.96,1997-06-14,1-URGENT,Clerk#000000205,0
46951,385,O,42632.10,1995-11-18,1-URGENT,Clerk#000000980,0
48357,1429,F,207148.40,1994-03-29,4-NOT SPECIFIED,Clerk#000000013,0
54018,235,O,53980.76,1998-06-24,2-HIGH,Clerk#000000892,0
58246,1882,F,47342.00,1994-07-23,2-HIGH,Clerk#000000725,0
58979,883,O,67267.17,1997-07-06,1-URGENT,Clerk#000000870,0
59011,1801,O,82046.94,1998-06-02,3-MEDIUM,Clerk#000000200,0
59079,242,O,30597.75,1995-10-05,5-LOW,Clerk#000000881,0
83684,22,O,71321.40,1998-03-19,3-MEDIUM,Clerk#000000419,0
86403,1673,O,96963.42,1996-07-24,2-HIGH,Clerk#000000496,0
88128,64,F,57943.91,1992-05-30,2-HIGH,Clerk#000000033,0
97351,1153,O,52960.01,1998-05-27,1-URGENT,Clerk#000000562,0
118720,430,F,352852.26,1992-05-24,5-LOW,Clerk#000000617,0
122848,1840,O,77711.17,1997-09-26,3-MEDIUM,Clerk#000000460,0
129763,677,F,136197.23,1994-06-18,2-HIGH,Clerk#000000191,0
134439,268,O,289794.62,1998-02-10,5-LOW,Clerk#000000411,0
146243,2215,O,160321.25,1997-02-11,1-URGENT,Clerk#000000426,0
150279,2189,F,113933.34,1992-03-14,2-HIGH,Clerk#000000588,0
155744,443,O,200085.52,1995-11-07,1-URGENT,Clerk#000000453,0
159873,2215,F,137016.98,1994-08-17,1-URGENT,Clerk#000000723,0
166048,268,F,124162.23,1992-10-27,1-URGENT,Clerk#000000350,0
167717,2083,F,32887.30,1992-07-09,5-LOW,Clerk#000000934,0
172323,1358,F,149533.61,1993-03-05,2-HIGH,Clerk#000000117,0
173639,1882,O,203309.87,1997-07-04,1-URGENT,Clerk#000000550,0
175140,2159,F,340589.18,1995-01-09,2-HIGH,Clerk#000000946,0
177378,2018,F,30962.30,1992-06-11,3-MEDIUM,Clerk#000000771,0
184290,440,P,278089.54,1995-05-16,5-LOW,Clerk#000000748,0
194434,1801,O,127284.25,1998-06-17,1-URGENT,Clerk#000000107,0
202247,235,F,125309.66,1993-07-03,5-LOW,Clerk#000000844,0
209504,1826,F,124460.44,1992-03-28,1-URGENT,Clerk#000000936,0
210499,1801,O,266031.82,1997-12-12,2-HIGH,Clerk#000000365,0
210721,2164,O,167266.71,1997-07-05,1-URGENT,Clerk#000000338,0
223044,1937,F,174359.12,1995-01-25,5-LOW,Clerk#000000503,0
224167,5,O,85170.68,1996-05-08,5-LOW,Clerk#000000657,0
227521,988,F,198690.14,1994-12-06,4-NOT SPECIFIED,Clerk#000000498,0
227619,2159,O,82413.37,1996-12-28,5-LOW,Clerk#000000432,0
228197,226,O,23978.31,1996-08-15,4-NOT SPECIFIED,Clerk#000000304,0
229763,1429,O,11242.38,1995-04-17,5-LOW,Clerk#000000060,0
246087,440,F,56874.52,1994-11-03,1-URGENT,Clerk#000000955,0
251556,898,F,30892.65,1995-01-10,3-MEDIUM,Clerk#000000775,0
259330,1312,O,165224.95,1997-05-29,3-MEDIUM,Clerk#000000557,0
265218,905,O,38541.20,1996-11-22,2-HIGH,Clerk#000000195,0
266304,1450,F,88515.51,1993-10-18,4-NOT SPECIFIED,Clerk#000000733,0
266880,434,O,123117.92,1998-07-24,5-LOW,Clerk#000000108,0
269253,875,P,225821.52,1995-03-13,1-URGENT,Clerk#000000903,0
274530,1262,O,164079.48,1998-02-28,2-HIGH,Clerk#000000802,0
280480,1312,P,163278.41,1995-04-15,3-MEDIUM,Clerk#000000055,0
286242,1579,F,16200.19,1994-07-03,5-LOW,Clerk#000000957,0
287619,5,O,13620.11,1996-12-26,5-LOW,Clerk#000000854,0
288128,883,O,197255.98,1996-04-05,4-NOT SPECIFIED,Clerk#000000260,0
289826,1499,F,146994.87,1994-07-05,3-MEDIUM,Clerk#000000707,0
301350,40,O,288374.44,1996-08-25,5-LOW,Clerk#000000200,0
311042,1450,F,28697.29,1993-10-16,1-URGENT,Clerk#000000395,0
313444,2189,F,167539.19,1994-09-27,3-MEDIUM,Clerk#000000288,0
314406,520,F,59169.02,1992-05-01,4-NOT SPECIFIED,Clerk#000000258,0
320192,1813,O,142029.99,1996-10-11,3-MEDIUM,Clerk#000000349,0
323747,268,O,158337.04,1997-01-26,2-HIGH,Clerk#000000380,0
325889,443,F,38297.93,1993-08-15,5-LOW,Clerk#000000309,0
341639,2083,F,158198.18,1993-02-12,1-URGENT,Clerk#000000160,0
341761,1688,O,170223.28,1998-03-21,5-LOW,Clerk#000000191,0
343041,1450,F,120832.10,1993-12-04,5-LOW,Clerk#000000526,0
343136,1288,F,38780.09,1993-07-23,1-URGENT,Clerk#000000488,0
346693,22,F,67932.58,1993-11-13,1-URGENT,Clerk#000000762,0
347522,488,O,106367.58,1997-04-27,2-HIGH,Clerk#000000602,0
352836,1826,O,79365.25,1997-03-31,3-MEDIUM,Clerk#000000068,0
358886,40,O,207062.32,1995-08-28,3-MEDIUM,Clerk#000000799,0
359526,2159,F,200789.92,1992-11-20,2-HIGH,Clerk#000000814,0
362565,1688,F,355271.46,1994-12-05,2-HIGH,Clerk#000000727,0
375171,1216,O,151214.47,1996-08-27,5-LOW,Clerk#000000552,0
376322,988,F,155086.11,1993-10-21,4-NOT SPECIFIED,Clerk#000000984,0
389059,2227,O,167501.44,1998-02-10,5-LOW,Clerk#000000608,0
393984,226,F,41907.75,1994-10-17,2-HIGH,Clerk#000000619,0
402785,1579,O,247287.55,1995-08-06,3-MEDIUM,Clerk#000000608,0
414242,1882,O,305265.97,1996-05-02,1-URGENT,Clerk#000000919,0
420677,1840,P,214777.91,1995-05-08,3-MEDIUM,Clerk#000000108,0
427398,1801,O,176115.95,1998-07-22,5-LOW,Clerk#000000303,0
428421,233,F,227100.80,1995-02-06,1-URGENT,Clerk#000000579,0
428806,1429,O,58882.46,1997-01-27,1-URGENT,Clerk#000000675,0
437634,988,F,92299.90,1994-02-13,3-MEDIUM,Clerk#000000794,0
440672,1207,O,127878.99,1996-04-28,1-URGENT,Clerk#000000377,0
446499,40,O,17533.39,1997-03-09,1-URGENT,Clerk#000000450,0
446979,1312,O,124825.89,1998-07-12,1-URGENT,Clerk#000000788,0
449507,1882,O,202835.16,1998-01-09,2-HIGH,Clerk#000000576,0
463075,2227,F,228161.60,1994-10-02,3-MEDIUM,Clerk#000000280,0
466309,898,F,22181.52,1993-09-20,2-HIGH,Clerk#000000195,0
473253,898,O,292380.42,1998-05-29,1-URGENT,Clerk#000000143,0
489218,2255,F,140885.89,1994-01-21,1-URGENT,Clerk#000000881,0
504231,520,F,137292.16,1994-05-12,3-MEDIUM,Clerk#000000536,0
508481,898,O,169613.37,1998-04-29,3-MEDIUM,Clerk#000000897,0
515744,2083,O,103964.68,1998-06-16,1-URGENT,Clerk#000000006,0
517926,430,F,279904.76,1993-07-27,1-URGENT,Clerk#000000651,0
524768,2018,O,140592.88,1997-08-11,2-HIGH,Clerk#000000946,0
525092,1258,F,71584.27,1993-05-01,2-HIGH,Clerk#000000670,0
531328,1717,F,193089.65,1993-11-29,2-HIGH,Clerk#000000546,0
544513,235,F,46926.44,1993-09-22,1-URGENT,Clerk#000000210,0
545029,385,O,146148.08,1997-05-05,2-HIGH,Clerk#000000281,0
546567,2164,P,38000.46,1995-04-20,4-NOT SPECIFIED,Clerk#000000428,0
549217,2083,O,39895.94,1996-03-02,5-LOW,Clerk#000000336,0
566051,520,F,191473.17,1992-08-10,5-LOW,Clerk#000000033,0
569830,1288,O,120900.76,1997-12-22,1-URGENT,Clerk#000000769,0
574752,2189,O,8506.07,1998-01-22,3-MEDIUM,Clerk#000000598,0
576578,1312,F,220000.06,1992-02-24,4-NOT SPECIFIED,Clerk#000000076,0
579329,440,F,247050.87,1994-03-21,4-NOT SPECIFIED,Clerk#000000387,0
580514,1840,P,192777.39,1995-05-25,1-URGENT,Clerk#000000307,0
583207,520,O,274268.85,1997-12-28,4-NOT SPECIFIED,Clerk#000000804,0
584801,796,F,186265.05,1992-02-19,5-LOW,Clerk#000000444,0
586245,1385,F,155813.28,1992-10-19,5-LOW,Clerk#000000591,0
586948,2164,O,58393.99,1996-06-01,1-URGENT,Clerk#000000219,0
595557,1207,O,99714.43,1997-02-12,5-LOW,Clerk#000000846,0
599107,1429,O,188119.31,1997-09-28,2-HIGH,Clerk#000000956,0
